Order_ID,Date_Time,Demand_Level,Traffic_Congestion,Urgency_Level,Driver_Availability,Distance_km,Base_Price,Weather_Impact,Special_Event,Final_Price
1000,2025-03-05 01:04:00,Medium,Moderate,Urgent,Medium,5.7,8.7,Stormy,None,17.69
1001,2025-03-06 12:32:00,Low,Heavy,Standard,Medium,4.9,9.63,Stormy,None,13.87
1002,2025-03-10 10:08:00,Low,Moderate,Flexible,Low,5.4,13.2,Rainy,Sports Event,26.5
1003,2025-03-03 20:59:00,High,Moderate,Urgent,Medium,12.0,15.61,Snowy,None,37.5
1004,2025-03-07 09:33:00,Medium,Moderate,Urgent,Medium,11.9,13.79,Stormy,Concert,36.44
1005,2025-03-07 15:20:00,Medium,Moderate,Flexible,Medium,9.6,16.92,Clear,None,18.43
1006,2025-03-04 21:01:00,Medium,Moderate,Standard,Low,13.9,6.32,Snowy,Holiday,15.51
1007,2025-03-02 13:24:00,Medium,Moderate,Urgent,Medium,12.1,11.28,Rainy,Holiday,29.81
1008,2025-03-05 08:07:00,High,Light,Standard,High,5.4,15.57,Snowy,Concert,28.42
1009,2025-03-05 01:11:00,High,Light,Urgent,High,14.2,14.36,Snowy,Holiday,36.69
1010,2025-03-03 18:27:00,Medium,Heavy,Standard,Medium,10.0,5.4,Stormy,None,8.55
1011,2025-03-07 16:31:00,High,Moderate,Flexible,High,10.4,18.93,Rainy,Sports Event,34.21
1012,2025-03-04 00:46:00,Medium,Heavy,Flexible,Medium,4.8,8.36,Stormy,Holiday,15.49
1013,2025-03-07 14:05:00,Low,Light,Urgent,Medium,3.0,15.47,Snowy,Sports Event,33.79
1014,2025-03-02 06:47:00,Medium,Light,Flexible,Medium,6.8,16.56,Snowy,None,19.67
1015,2025-03-05 15:21:00,High,Moderate,Urgent,Low,13.3,12.35,Stormy,None,38.57
1016,2025-03-09 11:37:00,Medium,Light,Standard,Low,2.5,5.19,Snowy,None,8.91
1017,2025-03-06 15:10:00,Medium,Heavy,Urgent,Low,7.3,13.51,Rainy,Sports Event,50.63
1018,2025-03-07 21:07:00,Medium,Heavy,Flexible,High,6.3,14.75,Snowy,Holiday,24.6
1019,2025-03-04 02:19:00,Medium,Heavy,Urgent,Low,9.6,5.52,Clear,Concert,17.24
1020,2025-03-01 19:54:00,Low,Heavy,Standard,High,10.1,10.67,Rainy,Concert,17.98
1021,2025-03-09 09:11:00,Medium,Moderate,Flexible,High,3.5,13.71,Snowy,Holiday,20.96
1022,2025-03-08 19:47:00,High,Light,Standard,High,2.5,16.43,Stormy,Sports Event,29.99
1023,2025-03-10 14:19:00,High,Heavy,Urgent,High,1.8,17.09,Clear,Holiday,43.67
1024,2025-03-08 14:22:00,Medium,Heavy,Standard,Low,5.1,7.33,Stormy,Holiday,19.62
1025,2025-03-08 11:03:00,Medium,Moderate,Flexible,Medium,2.1,11.63,Rainy,Concert,19.76
1026,2025-03-05 14:25:00,Medium,Moderate,Flexible,High,12.8,5.18,Snowy,Sports Event,7.92
1027,2025-03-03 14:38:00,Low,Moderate,Flexible,Low,8.0,10.98,Stormy,Sports Event,22.04
1028,2025-03-08 11:27:00,Low,Heavy,Standard,High,8.2,16.35,Clear,None,17.66
1029,2025-03-03 19:09:00,High,Moderate,Urgent,High,7.8,6.99,Snowy,Holiday,19.65
1030,2025-03-09 23:58:00,High,Light,Flexible,High,8.3,17.75,Clear,Sports Event,24.3
1031,2025-03-08 15:40:00,Low,Moderate,Flexible,Low,8.0,7.24,Snowy,Sports Event,14.54
1032,2025-03-01 08:41:00,Low,Moderate,Urgent,Low,2.4,6.36,Rainy,Holiday,19.86
1033,2025-03-04 15:29:00,Low,Moderate,Flexible,Low,7.5,7.75,Clear,Holiday,12.97
1034,2025-03-08 05:24:00,Low,Moderate,Urgent,Medium,5.2,9.95,Snowy,Holiday,23.9
1035,2025-03-04 01:58:00,Low,Heavy,Flexible,Low,4.6,12.04,Clear,None,16.9
1036,2025-03-02 11:10:00,Medium,Heavy,Urgent,High,13.8,10.4,Stormy,Sports Event,26.98
1037,2025-03-10 16:19:00,Low,Light,Standard,High,2.8,10.99,Snowy,Holiday,15.43
1038,2025-03-02 23:27:00,Medium,Heavy,Flexible,Medium,11.5,10.08,Snowy,Concert,18.68
1039,2025-03-02 07:38:00,Low,Heavy,Standard,Medium,6.5,8.14,Snowy,Holiday,15.24
1040,2025-03-02 21:01:00,Medium,Light,Urgent,High,3.1,7.88,Clear,Holiday,14.2
1041,2025-03-05 02:41:00,Low,Light,Flexible,Medium,9.2,5.49,Rainy,Holiday,7.71
1042,2025-03-02 15:00:00,High,Light,Flexible,Low,10.4,11.15,Stormy,Sports Event,26.46
1043,2025-03-10 03:03:00,Medium,Light,Flexible,High,6.2,14.86,Snowy,None,15.89
1044,2025-03-02 10:47:00,Low,Heavy,Urgent,High,5.7,18.32,Clear,Concert,36.01
1045,2025-03-07 07:15:00,Medium,Heavy,Flexible,Low,13.7,5.91,Stormy,Concert,14.24
1046,2025-03-02 18:01:00,Medium,Light,Flexible,Low,4.9,19.41,Stormy,Concert,38.97
1047,2025-03-10 10:59:00,Low,Moderate,Flexible,Medium,2.4,8.52,Snowy,Holiday,13.16
1048,2025-03-02 03:20:00,Low,Heavy,Urgent,Medium,6.9,5.67,Clear,None,9.53
1049,2025-03-02 07:04:00,Medium,Light,Flexible,Low,14.4,18.09,Rainy,Concert,36.32
1050,2025-03-02 00:40:00,Medium,Light,Standard,Low,4.9,6.89,Clear,Concert,12.81
1051,2025-03-07 01:44:00,Medium,Heavy,Standard,Low,3.0,5.06,Clear,None,8.68
1052,2025-03-08 11:14:00,Low,Moderate,Urgent,Medium,4.2,15.9,Rainy,Sports Event,38.2
1053,2025-03-06 01:10:00,Medium,Moderate,Flexible,High,8.9,14.76,Rainy,Holiday,22.57
1054,2025-03-04 17:54:00,Medium,Heavy,Flexible,Low,11.4,11.42,Clear,Sports Event,22.93
1055,2025-03-06 00:48:00,Medium,Light,Flexible,High,1.2,13.85,Snowy,Holiday,19.25
1056,2025-03-06 21:21:00,High,Moderate,Flexible,High,12.9,8.71,Snowy,Sports Event,15.74
1057,2025-03-08 17:19:00,High,Light,Flexible,High,5.1,19.98,Rainy,Holiday,32.82
1058,2025-03-10 05:11:00,Low,Heavy,Standard,Low,14.7,8.09,Snowy,Concert,19.69
1059,2025-03-08 19:49:00,Low,Moderate,Standard,High,8.8,6.79,Stormy,Sports Event,10.49
1060,2025-03-11 01:41:00,Low,Heavy,Urgent,Medium,14.8,11.7,Rainy,Sports Event,30.66
1061,2025-03-09 13:00:00,Low,Moderate,Standard,Medium,14.4,18.33,Stormy,Sports Event,31.45
1062,2025-03-09 17:56:00,Low,Light,Standard,Medium,12.9,7.92,Stormy,Concert,12.36
1063,2025-03-09 00:07:00,Medium,Moderate,Urgent,High,14.2,12.01,Rainy,Holiday,28.56
1064,2025-03-07 09:44:00,High,Moderate,Flexible,Medium,9.7,19.19,Clear,Sports Event,32.11
1065,2025-03-07 13:26:00,Medium,Moderate,Standard,Medium,4.2,13.98,Rainy,Concert,26.39
1066,2025-03-02 15:37:00,Low,Heavy,Flexible,Medium,1.6,5.44,Snowy,Holiday,9.17
1067,2025-03-01 06:04:00,High,Moderate,Urgent,High,6.4,8.85,Stormy,Sports Event,24.88
1068,2025-03-02 08:32:00,High,Moderate,Standard,Medium,6.7,15.12,Clear,Sports Event,28.11
1069,2025-03-04 15:18:00,Medium,Heavy,Flexible,Medium,12.5,6.22,Rainy,Concert,11.53
1070,2025-03-03 21:00:00,High,Moderate,Standard,High,12.0,13.17,Stormy,Concert,26.44
1071,2025-03-09 20:25:00,High,Light,Flexible,Low,4.2,13.23,Rainy,None,24.15
1072,2025-03-10 08:25:00,Low,Light,Standard,Low,3.3,18.77,Rainy,Concert,38.07
1073,2025-03-10 11:59:00,Medium,Light,Urgent,High,3.3,14.87,Snowy,Concert,32.15
1074,2025-03-08 15:38:00,High,Heavy,Urgent,Medium,8.9,5.48,Snowy,None,14.36
1075,2025-03-09 21:30:00,Medium,Heavy,Standard,Low,12.1,17.06,Rainy,Sports Event,45.67
1076,2025-03-08 04:48:00,Low,Moderate,Flexible,High,12.8,11.75,Rainy,None,12.56
1077,2025-03-09 04:28:00,High,Moderate,Urgent,High,3.7,9.35,Clear,Sports Event,21.9
1078,2025-03-08 00:07:00,Medium,Heavy,Flexible,Low,2.2,8.62,Stormy,Holiday,20.77
1079,2025-03-04 21:45:00,Low,Light,Standard,High,8.1,13.27,Snowy,Concert,18.63
1080,2025-03-02 15:47:00,High,Heavy,Standard,Medium,14.6,5.48,Clear,None,8.55
1081,2025-03-05 22:49:00,Medium,Heavy,Standard,Medium,12.6,19.01,Stormy,Sports Event,39.15
1082,2025-03-04 21:33:00,Medium,Heavy,Urgent,Medium,13.5,13.78,Snowy,Holiday,39.73
1083,2025-03-04 07:48:00,Medium,Light,Flexible,Medium,14.0,16.17,Clear,Concert,20.81
1084,2025-03-03 01:33:00,Low,Heavy,Urgent,Medium,8.1,15.13,Stormy,Holiday,39.65
1085,2025-03-08 12:08:00,Low,Moderate,Flexible,Medium,4.9,8.34,Rainy,Holiday,12.88
1086,2025-03-06 20:12:00,High,Moderate,Flexible,Medium,9.8,18.19,Stormy,None,28.09
1087,2025-03-10 22:30:00,High,Light,Standard,High,3.4,17.88,Stormy,None,25.1
1088,2025-03-06 15:01:00,Low,Heavy,Urgent,Medium,13.3,15.43,Rainy,Sports Event,40.44
1089,2025-03-09 18:05:00,Medium,Light,Standard,High,12.1,17.19,Rainy,Holiday,26.55
1090,2025-03-07 09:47:00,Medium,Light,Urgent,Low,3.3,8.71,Clear,Sports Event,22.67
1091,2025-03-02 12:24:00,Medium,Light,Urgent,Low,12.6,16.52,Rainy,None,39.69
1092,2025-03-01 17:28:00,High,Light,Urgent,High,13.0,5.1,Clear,Sports Event,10.86
1093,2025-03-11 05:45:00,Medium,Heavy,Flexible,High,14.9,15.2,Rainy,None,19.5
1094,2025-03-03 09:46:00,Medium,Heavy,Flexible,Medium,8.0,17.92,Stormy,Sports Event,33.21
1095,2025-03-02 09:39:00,Medium,Light,Flexible,Medium,3.6,5.5,Snowy,Concert,8.49
1096,2025-03-05 16:42:00,High,Heavy,Urgent,Medium,3.2,9.71,Clear,None,21.21
1097,2025-03-09 22:50:00,Medium,Moderate,Standard,High,2.3,9.09,Snowy,None,11.88
1098,2025-03-07 18:27:00,Medium,Heavy,Flexible,High,9.1,14.83,Snowy,Sports Event,24.74
1099,2025-03-06 04:34:00,Low,Light,Flexible,Medium,9.7,5.36,Rainy,Concert,7.53
1100,2025-03-10 22:55:00,Medium,Heavy,Urgent,Medium,11.4,9.32,Stormy,Sports Event,26.87
1101,2025-03-06 16:13:00,High,Light,Urgent,Low,10.3,7.99,Snowy,Sports Event,29.49
1102,2025-03-03 21:57:00,High,Moderate,Flexible,High,1.1,13.63,Clear,Sports Event,20.52
1103,2025-03-09 16:53:00,Low,Heavy,Flexible,High,14.4,10.69,Rainy,Sports Event,16.21
1104,2025-03-03 03:11:00,Low,Moderate,Standard,Medium,4.2,13.36,Clear,Holiday,19.1
1105,2025-03-09 16:35:00,Medium,Moderate,Urgent,Low,7.0,8.31,Stormy,Holiday,28.55
1106,2025-03-05 15:04:00,High,Moderate,Standard,Medium,9.5,8.53,Rainy,None,14.64
1107,2025-03-04 17:53:00,Medium,Heavy,Standard,Medium,5.4,12.59,Snowy,Holiday,25.93
1108,2025-03-03 17:54:00,High,Moderate,Urgent,Low,8.7,16.39,Rainy,Sports Event,66.54
1109,2025-03-07 11:25:00,Low,Light,Flexible,Low,11.5,15.01,Clear,Sports Event,22.83
1110,2025-03-09 04:46:00,High,Moderate,Flexible,Medium,13.1,14.77,Clear,Concert,24.71
1111,2025-03-05 13:59:00,Low,Moderate,Urgent,High,12.4,7.52,Rainy,Holiday,16.26
1112,2025-03-02 21:29:00,High,Heavy,Flexible,Medium,7.8,6.25,Stormy,Sports Event,13.69
1113,2025-03-07 22:20:00,Medium,Light,Standard,High,3.3,10.11,Snowy,Holiday,15.61
1114,2025-03-05 02:21:00,Low,Heavy,Standard,Medium,1.2,10.83,Stormy,Concert,20.27
1115,2025-03-07 04:00:00,Low,Heavy,Standard,High,1.3,7.08,Stormy,None,9.18
1116,2025-03-06 06:36:00,Low,Heavy,Urgent,Low,1.8,7.65,Rainy,Sports Event,26.06
1117,2025-03-03 04:01:00,Low,Moderate,Urgent,Medium,14.5,10.96,Stormy,Holiday,26.33
1118,2025-03-08 17:08:00,High,Light,Urgent,Low,10.8,9.68,Clear,Concert,29.77
1119,2025-03-06 23:56:00,Low,Moderate,Standard,Medium,8.6,8.63,Snowy,None,11.39
1120,2025-03-06 14:29:00,Medium,Moderate,Standard,Medium,2.2,9.49,Rainy,Concert,17.91
1121,2025-03-06 09:14:00,Low,Light,Urgent,Medium,8.1,5.14,Snowy,Sports Event,11.23
1122,2025-03-03 16:24:00,Low,Moderate,Flexible,Medium,3.2,5.47,Snowy,None,6.5
1123,2025-03-08 09:32:00,Low,Moderate,Flexible,Medium,5.1,13.32,Stormy,Sports Event,20.57
1124,2025-03-09 16:20:00,Medium,Heavy,Standard,Medium,13.0,10.48,Stormy,Sports Event,21.58
1125,2025-03-01 11:58:00,High,Moderate,Urgent,Low,11.8,19.98,Stormy,Holiday,81.12
1126,2025-03-03 16:53:00,High,Light,Flexible,High,1.3,5.98,Rainy,Concert,9.82
1127,2025-03-08 15:52:00,Medium,Heavy,Flexible,High,1.6,11.86,Clear,Concert,16.48
1128,2025-03-07 17:53:00,Medium,Light,Urgent,Medium,10.5,15.33,Snowy,Holiday,36.83
1129,2025-03-02 19:30:00,High,Light,Flexible,Low,2.7,17.48,Clear,None,26.59
1130,2025-03-07 08:31:00,Medium,Heavy,Urgent,Medium,7.1,15.56,Stormy,None,34.51
1131,2025-03-02 20:21:00,Low,Light,Flexible,Low,6.1,19.0,Rainy,Holiday,34.68
1132,2025-03-04 02:02:00,High,Heavy,Standard,Low,5.4,9.63,Rainy,Sports Event,30.47
1133,2025-03-06 03:13:00,High,Moderate,Urgent,Medium,11.3,7.7,Clear,None,15.42
1134,2025-03-05 23:16:00,Medium,Moderate,Standard,Medium,7.7,19.52,Clear,None,23.62
1135,2025-03-08 04:34:00,Medium,Moderate,Flexible,Low,5.2,17.86,Stormy,None,30.34
1136,2025-03-08 17:26:00,High,Light,Standard,Medium,12.4,15.42,Rainy,Concert,31.27
1137,2025-03-06 12:51:00,Low,Light,Flexible,High,9.7,14.27,Snowy,Sports Event,18.03
1138,2025-03-09 01:26:00,High,Heavy,Standard,High,3.3,14.05,Clear,None,19.73
1139,2025-03-10 14:46:00,Low,Heavy,Urgent,Low,9.8,14.33,Clear,Holiday,40.69
1140,2025-03-08 01:49:00,Medium,Heavy,Urgent,Medium,9.5,18.33,Clear,Concert,44.04
1141,2025-03-06 18:58:00,High,Light,Standard,Medium,4.3,12.58,Snowy,Holiday,25.51
1142,2025-03-10 11:49:00,Medium,Moderate,Urgent,High,1.6,9.16,Rainy,Sports Event,21.79
1143,2025-03-09 17:21:00,Low,Heavy,Standard,High,13.9,6.16,Clear,Concert,8.65
1144,2025-03-10 19:44:00,High,Moderate,Flexible,Medium,12.8,13.59,Rainy,None,20.99
1145,2025-03-09 11:14:00,Medium,Light,Flexible,High,11.4,5.5,Clear,Sports Event,6.37
1146,2025-03-09 02:42:00,Medium,Moderate,Flexible,High,9.0,7.64,Clear,Concert,9.73
1147,2025-03-03 00:31:00,High,Moderate,Standard,Medium,8.5,11.88,Stormy,Holiday,26.5
1148,2025-03-09 13:52:00,Low,Heavy,Urgent,High,4.0,9.62,Clear,Concert,18.91
1149,2025-03-09 01:19:00,Low,Moderate,Flexible,Medium,11.7,17.78,Snowy,None,21.12
1150,2025-03-10 10:40:00,Medium,Heavy,Flexible,Medium,9.5,5.2,Stormy,Concert,9.64
1151,2025-03-03 02:33:00,High,Moderate,Urgent,High,10.6,6.2,Rainy,Concert,17.43
1152,2025-03-01 12:31:00,Medium,Moderate,Urgent,Low,12.8,13.29,Stormy,None,35.12
1153,2025-03-03 23:49:00,High,Heavy,Flexible,High,8.0,19.4,Clear,Concert,31.87
1154,2025-03-09 02:30:00,Medium,Light,Standard,Medium,11.9,5.71,Stormy,Concert,9.8
1155,2025-03-09 09:07:00,Low,Heavy,Standard,Medium,8.0,14.23,Clear,Holiday,22.2
1156,2025-03-06 10:17:00,High,Moderate,Urgent,Medium,2.9,19.91,Stormy,None,47.83
1157,2025-03-08 03:36:00,Medium,Light,Urgent,High,5.1,9.66,Clear,Sports Event,17.41
1158,2025-03-06 09:27:00,Medium,Moderate,Urgent,High,2.0,19.79,Clear,Concert,39.22
1159,2025-03-05 19:08:00,Low,Heavy,Standard,Low,7.3,18.87,Clear,Sports Event,38.27
1160,2025-03-10 15:01:00,High,Moderate,Standard,Low,11.7,10.22,Clear,Holiday,24.7
1161,2025-03-07 13:04:00,Low,Light,Standard,Low,10.4,11.93,Clear,Concert,20.16
1162,2025-03-03 01:10:00,Medium,Light,Urgent,High,11.0,19.57,Stormy,Holiday,42.31
1163,2025-03-02 22:48:00,Low,Moderate,Flexible,Low,7.9,11.9,Clear,Holiday,19.91
1164,2025-03-07 04:15:00,High,Light,Flexible,Low,11.5,12.26,Clear,Holiday,24.24
1165,2025-03-05 07:18:00,Medium,Light,Standard,Medium,1.6,6.41,Clear,None,7.05
1166,2025-03-05 18:20:00,Low,Light,Standard,Low,10.3,16.48,Stormy,Concert,33.42
1167,2025-03-06 01:53:00,High,Moderate,Flexible,Low,4.6,11.81,Snowy,Concert,30.82
1168,2025-03-03 05:10:00,High,Heavy,Flexible,Medium,9.9,8.38,Stormy,Concert,18.35
1169,2025-03-03 18:32:00,Low,Heavy,Urgent,Medium,7.9,6.2,Stormy,None,12.5
1170,2025-03-08 17:45:00,High,Moderate,Standard,Medium,6.7,19.77,Stormy,Sports Event,44.1
1171,2025-03-02 00:41:00,Low,Heavy,Standard,High,2.3,10.52,Clear,Holiday,14.77
1172,2025-03-05 21:58:00,High,Moderate,Standard,Low,6.5,9.01,Stormy,Concert,26.13
1173,2025-03-02 15:03:00,High,Heavy,Standard,Medium,10.5,5.13,Stormy,Concert,12.48
1174,2025-03-06 20:27:00,Medium,Heavy,Standard,Medium,1.6,8.86,Stormy,Concert,18.24
1175,2025-03-08 05:20:00,Low,Light,Flexible,Low,6.2,15.77,Stormy,Holiday,28.78
1176,2025-03-03 23:34:00,High,Light,Urgent,High,10.6,5.0,Clear,Concert,10.65
1177,2025-03-03 01:53:00,Medium,Moderate,Flexible,Medium,9.2,18.61,Stormy,None,24.32
1178,2025-03-09 11:53:00,Medium,Heavy,Flexible,High,6.0,12.73,Snowy,Holiday,21.23
1179,2025-03-07 23:14:00,Medium,Light,Standard,Medium,3.4,12.54,Snowy,Sports Event,21.52
1180,2025-03-05 01:35:00,Medium,Light,Flexible,High,13.8,10.8,Stormy,None,11.55
1181,2025-03-05 18:36:00,Low,Light,Flexible,High,10.6,5.26,Snowy,None,5.11
1182,2025-03-05 05:34:00,Low,Light,Urgent,Low,6.9,5.83,Stormy,Concert,16.55
1183,2025-03-11 02:40:00,High,Light,Flexible,High,4.0,6.79,Snowy,Sports Event,11.15
1184,2025-03-03 14:46:00,Medium,Moderate,Flexible,High,1.0,9.03,Snowy,Concert,13.81
1185,2025-03-07 17:16:00,High,Light,Urgent,Medium,7.4,5.62,Stormy,Holiday,15.96
1186,2025-03-04 21:50:00,Low,Light,Urgent,High,5.4,7.53,Rainy,Holiday,14.8
1187,2025-03-02 00:30:00,Medium,Moderate,Urgent,Medium,12.9,14.77,Stormy,Holiday,39.03
1188,2025-03-08 18:25:00,Medium,Moderate,Flexible,High,11.3,15.93,Stormy,Concert,24.36
1189,2025-03-05 19:13:00,Medium,Heavy,Flexible,Low,3.1,15.03,Snowy,Holiday,36.21
1190,2025-03-04 21:20:00,Medium,Moderate,Standard,Low,3.9,10.53,Snowy,Concert,25.84
1191,2025-03-01 23:13:00,High,Light,Standard,Medium,5.7,18.05,Stormy,Concert,36.61
1192,2025-03-01 08:17:00,Medium,Light,Standard,High,2.5,17.79,Rainy,Concert,27.47
1193,2025-03-10 21:52:00,High,Moderate,Flexible,Low,8.6,17.66,Rainy,Concert,46.09
1194,2025-03-02 02:45:00,Low,Light,Flexible,High,4.0,9.46,Stormy,Concert,11.95
1195,2025-03-05 00:45:00,Medium,Light,Flexible,Low,10.1,9.09,Snowy,None,14.04
1196,2025-03-06 15:18:00,Medium,Heavy,Flexible,Medium,3.1,17.66,Rainy,None,25.18
1197,2025-03-09 01:23:00,High,Moderate,Flexible,High,11.3,14.86,Snowy,Concert,26.85
1198,2025-03-08 12:46:00,Medium,Heavy,Flexible,Low,5.8,17.45,Snowy,None,32.34
1199,2025-03-03 06:04:00,Low,Moderate,Standard,High,10.2,12.01,Rainy,None,14.27
1200,2025-03-02 18:35:00,High,Heavy,Urgent,High,14.3,14.0,Snowy,Concert,42.93
1201,2025-03-08 10:47:00,High,Heavy,Flexible,Low,9.2,14.28,Clear,Sports Event,33.88
1202,2025-03-07 09:15:00,Low,Heavy,Urgent,Medium,6.9,19.19,Stormy,None,38.69
1203,2025-03-08 14:30:00,Low,Light,Flexible,Low,14.2,11.75,Clear,Sports Event,17.87
1204,2025-03-01 13:27:00,Low,Light,Flexible,Medium,3.6,11.5,Rainy,None,12.42
1205,2025-03-05 08:59:00,Low,Heavy,Flexible,High,7.5,14.91,Clear,Concert,18.84
1206,2025-03-05 08:34:00,Medium,Heavy,Urgent,High,2.2,7.88,Clear,Sports Event,17.04
1207,2025-03-05 05:04:00,Low,Light,Urgent,Medium,7.0,13.86,Stormy,Concert,30.27
1208,2025-03-06 23:24:00,High,Moderate,Standard,Medium,7.7,19.23,Rainy,Holiday,42.9
1209,2025-03-06 17:06:00,Medium,Moderate,Standard,Medium,6.2,19.96,Stormy,Concert,37.68
1210,2025-03-06 09:19:00,Medium,Light,Standard,High,10.0,16.16,Rainy,Holiday,24.96
1211,2025-03-09 00:18:00,Medium,Moderate,Standard,Low,4.4,16.69,Snowy,Concert,40.96
1212,2025-03-08 04:45:00,Medium,Heavy,Urgent,Medium,9.8,9.87,Clear,Holiday,23.71
1213,2025-03-03 08:56:00,Medium,Moderate,Flexible,High,3.8,10.73,Clear,Concert,13.67
1214,2025-03-08 10:11:00,Low,Light,Urgent,Low,5.6,15.98,Clear,Sports Event,37.81
1215,2025-03-06 15:48:00,Medium,Light,Urgent,Low,10.2,16.27,Stormy,Sports Event,50.81
1216,2025-03-04 16:50:00,Low,Heavy,Urgent,High,7.0,8.11,Snowy,Concert,19.13
1217,2025-03-10 21:40:00,Medium,Moderate,Urgent,High,9.0,17.91,Stormy,Sports Event,42.6
1218,2025-03-06 04:14:00,High,Light,Flexible,High,10.8,11.43,Snowy,Concert,18.78
1219,2025-03-04 07:24:00,Low,Heavy,Flexible,High,1.1,9.43,Snowy,Holiday,14.3
1220,2025-03-02 03:30:00,Low,Heavy,Flexible,Medium,8.6,16.95,Snowy,Holiday,28.56
1221,2025-03-10 11:19:00,Low,Moderate,Flexible,Medium,10.4,7.84,Clear,Sports Event,10.09
1222,2025-03-09 15:49:00,High,Moderate,Standard,Low,10.0,17.97,Rainy,None,40.09
1223,2025-03-09 01:09:00,Medium,Heavy,Standard,High,7.3,5.51,Clear,Sports Event,8.51
1224,2025-03-01 19:00:00,High,Heavy,Standard,Medium,1.3,13.74,Snowy,None,25.72
1225,2025-03-03 08:27:00,Medium,Heavy,Standard,Medium,7.3,10.44,Snowy,Sports Event,21.5
1226,2025-03-06 09:20:00,Medium,Moderate,Urgent,Low,5.6,14.93,Snowy,Holiday,51.29
1227,2025-03-03 02:30:00,High,Moderate,Flexible,High,12.1,14.18,Stormy,Concert,25.62
1228,2025-03-05 12:29:00,Medium,Heavy,Urgent,High,11.4,9.82,Clear,None,16.33
1229,2025-03-09 06:49:00,Medium,Light,Urgent,High,9.5,6.69,Clear,Sports Event,12.05
1230,2025-03-09 03:03:00,Medium,Heavy,Flexible,High,5.0,9.45,Rainy,Sports Event,15.76
1231,2025-03-04 11:59:00,Medium,Heavy,Standard,High,1.5,15.29,Snowy,Sports Event,28.34
1232,2025-03-07 12:55:00,High,Moderate,Urgent,High,13.6,14.47,Rainy,Sports Event,40.67
1233,2025-03-08 17:42:00,Low,Moderate,Urgent,Low,8.5,5.31,Stormy,Holiday,16.58
1234,2025-03-07 04:58:00,Medium,Heavy,Urgent,High,11.9,5.97,Stormy,Holiday,15.49
1235,2025-03-07 04:19:00,Low,Light,Flexible,Medium,6.0,16.95,Clear,None,15.25
1236,2025-03-08 14:57:00,Medium,Light,Flexible,High,9.4,15.87,Stormy,None,16.97
1237,2025-03-09 14:50:00,High,Light,Standard,Medium,9.9,17.1,Snowy,None,26.68
1238,2025-03-09 23:16:00,Medium,Heavy,Urgent,Medium,2.4,16.94,Stormy,None,37.57
1239,2025-03-09 00:06:00,Medium,Moderate,Standard,Medium,9.7,10.27,Clear,Holiday,16.15
1240,2025-03-05 12:46:00,Low,Light,Urgent,Low,9.5,12.1,Stormy,Sports Event,34.35
1241,2025-03-03 05:40:00,Medium,Heavy,Flexible,Low,14.2,11.25,Stormy,Holiday,27.1
1242,2025-03-04 20:56:00,High,Moderate,Urgent,Medium,2.0,9.81,Stormy,None,23.57
1243,2025-03-04 03:55:00,Low,Moderate,Urgent,High,12.3,10.39,Stormy,Concert,22.46
1244,2025-03-04 03:52:00,Medium,Light,Urgent,High,2.8,5.5,Rainy,Sports Event,11.89
1245,2025-03-07 08:26:00,High,Heavy,Standard,High,8.6,15.08,Rainy,Holiday,33.03
1246,2025-03-06 17:02:00,Medium,Light,Standard,Low,14.0,15.22,Clear,Sports Event,28.29
1247,2025-03-09 03:00:00,Low,Light,Flexible,Low,8.9,16.11,Rainy,None,22.62
1248,2025-03-09 15:24:00,Medium,Light,Urgent,Medium,4.2,16.66,Snowy,Holiday,40.02
1249,2025-03-05 00:24:00,High,Light,Urgent,High,2.3,11.59,Snowy,Concert,29.62
1250,2025-03-01 13:47:00,Low,Heavy,Flexible,High,1.5,11.05,Stormy,None,12.89
1251,2025-03-03 10:59:00,Low,Light,Standard,Low,3.3,13.44,Snowy,Sports Event,27.26
1252,2025-03-01 07:02:00,High,Light,Flexible,Low,2.2,5.07,Rainy,Sports Event,12.03
1253,2025-03-08 12:20:00,Medium,Light,Standard,Low,5.0,13.47,Stormy,None,23.11
1254,2025-03-03 02:42:00,Medium,Light,Flexible,Medium,3.7,5.83,Clear,Holiday,7.5
1255,2025-03-04 12:26:00,High,Light,Standard,High,9.0,6.61,Stormy,Holiday,12.06
1256,2025-03-05 06:19:00,Medium,Heavy,Standard,High,7.0,8.43,Rainy,Concert,15.62
1257,2025-03-02 00:35:00,High,Light,Urgent,High,4.6,11.01,Snowy,Concert,28.13
1258,2025-03-03 23:53:00,Medium,Light,Flexible,Low,1.2,9.86,Snowy,Sports Event,19.8
1259,2025-03-02 12:29:00,High,Heavy,Standard,Medium,2.7,9.03,Snowy,Concert,21.98
1260,2025-03-01 15:38:00,Low,Moderate,Flexible,Medium,10.4,8.99,Rainy,Concert,13.88
1261,2025-03-09 06:32:00,High,Light,Standard,High,11.0,15.63,Rainy,Sports Event,28.53
1262,2025-03-08 15:54:00,High,Heavy,Flexible,Low,11.1,8.71,Snowy,Sports Event,24.8
1263,2025-03-06 10:53:00,Low,Light,Standard,Low,8.3,17.21,Clear,None,22.37
1264,2025-03-08 07:15:00,High,Heavy,Standard,Low,5.2,14.67,Rainy,Holiday,46.41
1265,2025-03-07 18:07:00,Low,Light,Standard,Low,2.4,13.81,Stormy,Concert,28.01
1266,2025-03-05 23:59:00,Low,Light,Urgent,Medium,1.5,12.52,Stormy,Concert,27.34
1267,2025-03-08 09:34:00,Medium,Heavy,Urgent,Low,2.5,9.88,Rainy,None,28.48
1268,2025-03-11 03:59:00,Low,Heavy,Urgent,Low,9.4,18.71,Stormy,Concert,63.75
1269,2025-03-08 23:48:00,High,Light,Standard,Medium,2.4,6.81,Stormy,Holiday,13.81
1270,2025-03-09 21:26:00,Low,Light,Urgent,High,10.0,15.27,Stormy,Concert,30.01
1271,2025-03-10 09:02:00,Medium,Light,Flexible,Low,11.2,15.97,Rainy,Sports Event,32.06
1272,2025-03-02 17:57:00,High,Light,Urgent,Low,8.7,15.52,Clear,None,36.72
1273,2025-03-10 15:30:00,Low,Heavy,Urgent,High,11.9,6.99,Rainy,Holiday,16.49
1274,2025-03-10 08:05:00,Low,Moderate,Urgent,Low,10.0,11.4,Snowy,Concert,35.6
1275,2025-03-05 02:43:00,Medium,Heavy,Urgent,Low,2.2,18.46,Rainy,Concert,69.18
1276,2025-03-03 04:21:00,Low,Heavy,Urgent,Low,6.8,12.39,Rainy,Holiday,42.21
1277,2025-03-05 08:12:00,Medium,Moderate,Urgent,High,5.7,6.13,Rainy,Sports Event,14.58
1278,2025-03-02 12:33:00,Low,Moderate,Flexible,Medium,13.0,15.7,Clear,Holiday,20.21
1279,2025-03-05 03:28:00,Medium,Heavy,Standard,Medium,7.5,19.88,Snowy,Concert,40.94
1280,2025-03-07 13:18:00,Low,Moderate,Standard,Medium,5.8,9.75,Stormy,Sports Event,16.73
1281,2025-03-09 23:33:00,High,Moderate,Urgent,Medium,10.9,7.14,Clear,Sports Event,18.58
1282,2025-03-10 06:31:00,Low,Light,Urgent,High,3.6,7.12,Clear,Holiday,11.66
1283,2025-03-08 23:02:00,Medium,Light,Flexible,High,4.7,10.96,Snowy,Holiday,15.23
1284,2025-03-01 20:08:00,High,Heavy,Urgent,High,6.6,6.84,Clear,Concert,17.48
1285,2025-03-07 20:09:00,Low,Heavy,Standard,Low,5.3,13.38,Clear,Concert,27.13
1286,2025-03-04 01:28:00,High,Moderate,Flexible,High,9.7,7.06,Snowy,Concert,12.76
1287,2025-03-10 17:11:00,Medium,Moderate,Urgent,High,3.2,14.7,Snowy,None,26.89
1288,2025-03-06 18:23:00,Low,Heavy,Flexible,High,5.3,16.88,Rainy,None,19.69
1289,2025-03-07 20:18:00,Low,Heavy,Standard,Medium,2.0,10.82,Snowy,None,15.58
1290,2025-03-10 07:24:00,Medium,Light,Urgent,Medium,8.6,19.18,Clear,Holiday,38.4
1291,2025-03-08 06:46:00,High,Light,Urgent,High,6.0,5.03,Clear,Sports Event,10.71
1292,2025-03-06 23:13:00,Medium,Moderate,Standard,High,4.5,11.57,Stormy,None,15.12
1293,2025-03-10 11:28:00,High,Light,Standard,Medium,7.1,12.68,Snowy,Concert,25.72
1294,2025-03-07 19:51:00,Low,Heavy,Standard,Low,5.5,12.1,Stormy,None,22.65
1295,2025-03-06 20:08:00,Medium,Moderate,Flexible,Medium,7.5,18.62,Clear,None,20.28
1296,2025-03-08 08:17:00,Low,Light,Standard,Low,8.4,5.53,Clear,None,7.19
1297,2025-03-02 17:52:00,High,Heavy,Urgent,High,3.8,18.71,Snowy,None,44.13
1298,2025-03-01 14:14:00,Medium,Moderate,Urgent,High,12.8,8.86,Rainy,None,16.21
1299,2025-03-02 05:45:00,Low,Heavy,Standard,Low,14.5,17.63,Stormy,Sports Event,42.9
1300,2025-03-03 00:47:00,Low,Heavy,Urgent,Low,8.0,11.62,Clear,Sports Event,32.99
1301,2025-03-10 14:08:00,High,Moderate,Standard,Low,4.9,9.16,Rainy,Sports Event,26.56
1302,2025-03-10 07:08:00,High,Light,Standard,Low,8.3,19.07,Clear,Concert,41.9
1303,2025-03-08 10:01:00,Low,Moderate,Standard,Low,4.0,14.98,Clear,Holiday,27.85
1304,2025-03-11 01:20:00,Medium,Moderate,Flexible,High,12.5,8.46,Stormy,None,9.95
1305,2025-03-08 19:57:00,High,Heavy,Flexible,High,14.5,14.19,Rainy,Holiday,27.97
1306,2025-03-01 21:46:00,High,Heavy,Standard,High,4.6,11.27,Clear,None,15.82
1307,2025-03-05 08:06:00,Low,Moderate,Urgent,High,1.4,10.58,Snowy,Concert,22.88
1308,2025-03-07 09:26:00,Low,Light,Standard,Low,8.7,19.64,Snowy,Sports Event,39.83
1309,2025-03-04 12:59:00,High,Light,Standard,Medium,4.2,8.07,Clear,Sports Event,13.64
1310,2025-03-04 15:40:00,Medium,Heavy,Standard,Low,3.1,13.58,Rainy,None,27.96
1311,2025-03-07 08:31:00,Low,Heavy,Standard,Medium,10.2,5.48,Clear,Concert,8.55
1312,2025-03-07 20:29:00,Low,Moderate,Urgent,Low,10.5,8.14,Rainy,Holiday,25.42
1313,2025-03-11 02:04:00,High,Light,Standard,High,1.7,19.77,Rainy,Sports Event,36.08
1314,2025-03-08 17:39:00,High,Heavy,Urgent,High,9.8,9.45,Stormy,Sports Event,28.98
1315,2025-03-04 11:57:00,Low,Heavy,Standard,Medium,3.1,18.94,Stormy,Holiday,35.46
1316,2025-03-08 02:32:00,Low,Moderate,Flexible,High,8.8,6.68,Stormy,None,7.14
1317,2025-03-03 01:46:00,High,Heavy,Standard,Low,7.6,19.71,Snowy,Sports Event,62.36
1318,2025-03-02 07:35:00,Medium,Light,Urgent,Medium,8.3,11.68,Clear,Sports Event,23.38
1319,2025-03-06 00:10:00,Low,Heavy,Urgent,Low,2.6,19.86,Snowy,Concert,67.66
1320,2025-03-09 09:14:00,High,Light,Standard,High,13.2,19.54,Clear,Concert,29.72
1321,2025-03-10 01:49:00,Medium,Heavy,Urgent,High,2.2,11.57,Clear,Sports Event,25.02
1322,2025-03-07 14:23:00,High,Light,Standard,Low,13.7,19.05,Snowy,Sports Event,50.22
1323,2025-03-03 00:21:00,Medium,Moderate,Flexible,High,7.0,9.83,Stormy,None,11.56
1324,2025-03-09 21:26:00,High,Light,Urgent,High,6.4,17.97,Snowy,Holiday,45.92
1325,2025-03-10 07:37:00,Medium,Light,Standard,Low,8.1,13.28,Clear,None,18.99
1326,2025-03-08 15:08:00,Medium,Light,Urgent,Low,10.1,19.5,Clear,None,39.04
1327,2025-03-08 03:46:00,Medium,Light,Urgent,Low,4.0,10.29,Rainy,Concert,32.14
1328,2025-03-10 20:52:00,High,Light,Flexible,Medium,14.1,7.8,Rainy,Holiday,14.24
1329,2025-03-06 18:34:00,High,Light,Flexible,Low,7.4,10.01,Clear,Concert,19.79
1330,2025-03-06 07:18:00,Low,Heavy,Standard,Low,11.5,18.28,Rainy,Sports Event,44.49
1331,2025-03-08 04:08:00,Low,Light,Flexible,High,6.6,6.29,Rainy,Sports Event,7.95
1332,2025-03-05 07:23:00,Low,Moderate,Standard,High,2.8,5.12,Clear,None,5.07
1333,2025-03-05 15:30:00,Medium,Light,Flexible,High,7.6,17.22,Snowy,None,18.41
1334,2025-03-05 09:19:00,Low,Heavy,Standard,Medium,3.9,15.94,Rainy,Sports Event,29.84
1335,2025-03-03 08:13:00,High,Moderate,Standard,Medium,5.3,15.16,Clear,None,21.68
1336,2025-03-05 03:43:00,High,Light,Urgent,Low,5.1,6.1,Stormy,None,17.32
1337,2025-03-09 12:58:00,Low,Light,Standard,Low,8.0,16.62,Snowy,Sports Event,33.71
1338,2025-03-04 18:08:00,High,Heavy,Urgent,Medium,7.8,16.46,Rainy,None,43.14
1339,2025-03-06 07:46:00,High,Moderate,Flexible,Low,9.7,15.92,Rainy,Sports Event,41.55
1340,2025-03-04 02:56:00,Medium,Moderate,Urgent,High,7.1,7.7,Rainy,Concert,18.31
1341,2025-03-02 11:43:00,Low,Heavy,Standard,Medium,5.4,17.42,Stormy,Holiday,32.61
1342,2025-03-07 22:50:00,Low,Heavy,Standard,High,1.6,5.86,Snowy,Concert,9.87
1343,2025-03-08 02:30:00,High,Moderate,Flexible,High,6.0,16.73,Rainy,Holiday,30.23
1344,2025-03-02 09:16:00,High,Moderate,Urgent,Medium,4.2,10.45,Clear,None,20.92
1345,2025-03-11 03:02:00,Medium,Light,Standard,High,2.1,7.41,Stormy,Sports Event,11.44
1346,2025-03-06 06:21:00,High,Heavy,Urgent,Medium,14.8,16.69,Stormy,Holiday,56.86
1347,2025-03-02 13:07:00,Low,Light,Standard,Medium,8.5,13.79,Clear,None,13.79
1348,2025-03-05 05:51:00,High,Moderate,Urgent,Low,9.5,10.5,Clear,Sports Event,35.53
1349,2025-03-04 03:26:00,Medium,Light,Urgent,Medium,11.8,13.08,Clear,None,20.14
1350,2025-03-06 05:56:00,Low,Light,Flexible,Low,3.7,14.14,Snowy,Holiday,25.81
1351,2025-03-05 11:32:00,Medium,Moderate,Urgent,High,5.2,13.69,Stormy,Sports Event,32.56
1352,2025-03-06 17:53:00,High,Heavy,Urgent,Medium,11.6,10.81,Stormy,Holiday,36.83
1353,2025-03-06 15:40:00,Low,Heavy,Urgent,High,6.2,12.0,Stormy,Sports Event,28.3
1354,2025-03-04 16:31:00,Medium,Heavy,Urgent,High,5.1,15.71,Clear,None,26.13
1355,2025-03-02 15:31:00,Low,Moderate,Standard,Low,11.0,11.05,Snowy,Sports Event,24.65
1356,2025-03-05 15:31:00,High,Light,Urgent,Medium,2.2,8.94,Stormy,Concert,25.38
1357,2025-03-09 11:09:00,Medium,Moderate,Standard,Medium,2.9,11.32,Clear,Holiday,17.81
1358,2025-03-10 19:14:00,High,Moderate,Urgent,Low,9.4,16.5,Clear,Sports Event,55.83
1359,2025-03-04 20:45:00,High,Heavy,Standard,Medium,1.6,14.55,Clear,Sports Event,29.51
1360,2025-03-01 21:27:00,Low,Moderate,Urgent,Low,5.2,6.28,Snowy,Sports Event,19.61
1361,2025-03-04 05:00:00,High,Moderate,Standard,Medium,2.0,11.35,Snowy,Sports Event,25.32
1362,2025-03-04 12:01:00,Low,Light,Urgent,Low,9.4,16.65,Snowy,None,36.36
1363,2025-03-06 17:18:00,Medium,Moderate,Urgent,Low,12.2,9.54,Stormy,Sports Event,32.77
1364,2025-03-05 02:25:00,High,Light,Standard,High,10.4,13.41,Snowy,Concert,24.48
1365,2025-03-01 08:11:00,Low,Light,Flexible,High,2.7,10.6,Stormy,Sports Event,13.39
1366,2025-03-10 15:46:00,Medium,Light,Standard,Medium,2.0,8.82,Stormy,None,11.64
1367,2025-03-03 20:49:00,High,Heavy,Flexible,Medium,2.9,7.89,Rainy,Concert,17.28
1368,2025-03-03 08:30:00,High,Light,Urgent,High,10.4,16.92,Snowy,Concert,43.24
1369,2025-03-02 17:02:00,Medium,Heavy,Flexible,Medium,9.9,7.11,Rainy,None,10.14
1370,2025-03-10 07:40:00,High,Light,Urgent,High,3.7,8.29,Clear,Concert,17.65
1371,2025-03-08 10:34:00,High,Light,Flexible,Low,14.0,7.26,Clear,Concert,14.36
1372,2025-03-05 12:21:00,High,Heavy,Standard,High,8.7,15.41,Snowy,Concert,33.75
1373,2025-03-02 06:59:00,High,Heavy,Standard,Medium,8.5,5.7,Clear,None,8.89
1374,2025-03-06 01:15:00,Low,Moderate,Standard,High,13.3,18.44,Snowy,Holiday,28.48
1375,2025-03-09 19:56:00,High,Light,Standard,Low,12.2,18.36,Stormy,None,37.23
1376,2025-03-07 01:01:00,Low,Heavy,Standard,High,6.2,5.76,Rainy,Holiday,9.7
1377,2025-03-09 12:12:00,Medium,Light,Flexible,Low,10.6,10.6,Stormy,Sports Event,21.28
1378,2025-03-02 10:15:00,Medium,Light,Standard,Medium,8.7,12.24,Stormy,None,16.16
1379,2025-03-11 02:25:00,Low,Light,Standard,Medium,13.5,8.09,Clear,Sports Event,10.52
1380,2025-03-02 07:14:00,Low,Moderate,Standard,Medium,3.9,14.42,Snowy,None,19.03
1381,2025-03-05 04:42:00,Medium,Light,Standard,Medium,9.0,7.05,Snowy,Concert,12.1
1382,2025-03-11 05:31:00,Low,Heavy,Standard,Low,10.1,9.2,Stormy,None,17.22
1383,2025-03-06 23:55:00,Low,Heavy,Urgent,High,9.3,9.88,Snowy,Sports Event,23.3
1384,2025-03-08 07:38:00,High,Light,Standard,Medium,11.0,14.08,Snowy,None,21.96
1385,2025-03-04 13:59:00,Medium,Moderate,Flexible,High,13.1,11.64,Stormy,Sports Event,17.8
1386,2025-03-10 04:07:00,Low,Moderate,Standard,Low,1.9,18.44,Clear,Sports Event,34.28
1387,2025-03-08 16:53:00,Medium,Moderate,Flexible,High,12.5,16.88,Stormy,None,19.85
1388,2025-03-06 01:08:00,High,Moderate,Standard,Low,8.5,6.74,Rainy,Holiday,19.55
1389,2025-03-04 05:10:00,Low,Light,Urgent,Medium,11.8,10.16,Snowy,Sports Event,22.19
1390,2025-03-07 20:02:00,Medium,Light,Flexible,Medium,13.3,11.89,Rainy,None,14.13
1391,2025-03-05 22:47:00,High,Heavy,Urgent,High,7.7,9.76,Stormy,Concert,29.93
1392,2025-03-03 16:25:00,High,Heavy,Flexible,Low,2.8,8.92,Snowy,Holiday,25.4
1393,2025-03-08 00:50:00,High,Light,Standard,Low,6.0,18.56,Stormy,Holiday,48.93
1394,2025-03-11 00:22:00,Medium,Heavy,Urgent,Medium,7.9,5.25,Stormy,Sports Event,15.14
1395,2025-03-02 12:23:00,High,Light,Urgent,Low,7.5,11.4,Clear,Holiday,35.06
1396,2025-03-02 12:01:00,High,Heavy,Standard,Medium,7.9,7.5,Rainy,Holiday,18.25
1397,2025-03-10 16:43:00,High,Light,Flexible,Medium,6.2,6.37,Snowy,Holiday,11.63
1398,2025-03-10 16:30:00,High,Heavy,Standard,Medium,3.4,11.07,Rainy,Concert,26.94
1399,2025-03-02 07:00:00,High,Light,Urgent,High,10.1,9.21,Snowy,Holiday,23.53
1400,2025-03-04 07:24:00,High,Moderate,Standard,High,1.8,10.83,Rainy,Concert,21.74
1401,2025-03-06 03:25:00,High,Heavy,Urgent,Medium,4.7,14.63,Rainy,Holiday,49.84
1402,2025-03-01 18:47:00,Medium,Moderate,Urgent,High,9.9,10.02,Stormy,Sports Event,23.83
1403,2025-03-10 00:44:00,Medium,Heavy,Urgent,High,4.9,12.9,Clear,Concert,27.89
1404,2025-03-09 08:56:00,Low,Moderate,Standard,Medium,14.7,9.16,Snowy,Sports Event,15.72
1405,2025-03-03 20:03:00,High,Moderate,Standard,Medium,12.8,15.52,Stormy,None,26.63
1406,2025-03-05 01:39:00,Medium,Moderate,Standard,High,8.6,16.72,Snowy,Holiday,28.4
1407,2025-03-06 13:06:00,High,Moderate,Urgent,Medium,4.8,10.92,Stormy,Concert,34.1
1408,2025-03-06 18:54:00,High,Moderate,Urgent,Medium,2.5,16.98,Clear,Holiday,44.19
1409,2025-03-03 18:36:00,Medium,Heavy,Standard,Low,2.5,8.21,Clear,None,14.09
1410,2025-03-10 23:41:00,High,Light,Urgent,Medium,5.8,8.51,Rainy,Sports Event,24.16
1411,2025-03-03 17:51:00,Low,Light,Urgent,High,5.8,16.08,Clear,Concert,26.34
1412,2025-03-02 11:43:00,Low,Heavy,Standard,High,13.3,6.88,Clear,Sports Event,9.66
1413,2025-03-05 22:04:00,Medium,Heavy,Flexible,Medium,12.8,6.19,Snowy,Holiday,11.47
1414,2025-03-05 04:48:00,Medium,Moderate,Urgent,Medium,11.5,6.76,Clear,Concert,14.89
1415,2025-03-04 22:55:00,Low,Moderate,Urgent,High,6.4,10.1,Snowy,Holiday,21.84
1416,2025-03-06 13:10:00,Low,Heavy,Flexible,High,11.8,16.4,Stormy,None,19.13
1417,2025-03-06 16:30:00,Low,Moderate,Standard,High,8.9,14.38,Snowy,Holiday,22.21
1418,2025-03-04 08:39:00,Low,Light,Urgent,Low,7.6,8.99,Rainy,Concert,25.52
1419,2025-03-03 02:13:00,High,Heavy,Flexible,High,10.3,17.24,Stormy,Holiday,33.98
1420,2025-03-04 00:11:00,High,Light,Flexible,Low,7.2,6.99,Clear,Sports Event,13.82
1421,2025-03-03 16:57:00,High,Moderate,Urgent,Low,3.8,5.42,Stormy,Holiday,22.01
1422,2025-03-05 08:16:00,Low,Heavy,Flexible,High,3.8,9.37,Snowy,Concert,14.21
1423,2025-03-01 13:07:00,Low,Heavy,Urgent,Medium,5.1,15.56,Clear,Holiday,33.98
1424,2025-03-06 03:58:00,Medium,Moderate,Flexible,Medium,6.9,11.76,Stormy,Holiday,19.98
1425,2025-03-05 14:50:00,Medium,Light,Urgent,Low,11.0,14.72,Rainy,Sports Event,45.97
1426,2025-03-08 15:50:00,Low,Light,Standard,High,12.3,15.34,Snowy,None,16.57
1427,2025-03-03 01:57:00,Medium,Moderate,Flexible,Medium,11.5,11.34,Stormy,Holiday,19.26
1428,2025-03-07 11:47:00,Medium,Light,Standard,Medium,13.2,19.42,Rainy,Holiday,33.32
1429,2025-03-08 00:26:00,Low,Moderate,Standard,Medium,4.8,6.02,Stormy,Holiday,10.33
1430,2025-03-02 00:33:00,Low,Moderate,Flexible,Medium,13.2,15.52,Clear,Concert,19.97
1431,2025-03-01 16:21:00,High,Light,Standard,Medium,9.9,11.14,Stormy,Concert,22.59
1432,2025-03-09 11:42:00,Low,Light,Urgent,Medium,4.6,11.16,Clear,Holiday,20.31
1433,2025-03-08 02:07:00,Low,Heavy,Standard,High,3.1,5.2,Stormy,Sports Event,8.76
1434,2025-03-03 19:26:00,High,Light,Urgent,Medium,11.3,15.35,Snowy,Holiday,43.58
1435,2025-03-10 19:46:00,Medium,Light,Standard,High,1.9,18.77,Stormy,Sports Event,28.99
1436,2025-03-06 00:06:00,Low,Heavy,Flexible,Low,9.0,7.55,Stormy,Holiday,16.54
1437,2025-03-06 17:30:00,High,Light,Flexible,Medium,13.5,15.4,Rainy,Sports Event,28.11
1438,2025-03-09 19:19:00,Medium,Light,Flexible,Medium,14.7,10.66,Snowy,None,12.66
1439,2025-03-02 04:33:00,Medium,Moderate,Urgent,Medium,12.9,19.39,Snowy,Sports Event,51.24
1440,2025-03-10 05:10:00,Low,Heavy,Standard,Low,11.6,18.85,Rainy,Sports Event,45.87
1441,2025-03-07 23:43:00,Low,Moderate,Flexible,Medium,1.9,9.21,Rainy,None,10.94
1442,2025-03-03 10:36:00,Medium,Heavy,Urgent,Low,14.6,8.15,Rainy,Holiday,30.54
1443,2025-03-03 01:24:00,Low,Heavy,Urgent,Medium,10.1,8.23,Snowy,Sports Event,21.57
1444,2025-03-05 23:40:00,Low,Heavy,Urgent,Low,2.7,15.84,Stormy,Concert,53.97
1445,2025-03-03 09:02:00,Medium,Heavy,Flexible,Medium,7.9,10.84,Snowy,Sports Event,20.09
1446,2025-03-08 08:26:00,Low,Moderate,Flexible,Low,11.4,18.93,Snowy,Concert,38.01
1447,2025-03-05 13:12:00,Medium,Heavy,Urgent,Low,14.9,17.7,Clear,Holiday,55.28
1448,2025-03-06 21:45:00,Medium,Light,Urgent,Low,11.2,5.5,Rainy,Concert,17.18
1449,2025-03-08 07:16:00,Medium,Moderate,Standard,Low,3.1,12.32,Stormy,Concert,30.23
1450,2025-03-02 13:55:00,High,Light,Standard,Low,3.2,18.95,Stormy,Sports Event,49.96
1451,2025-03-01 22:39:00,High,Moderate,Standard,High,14.3,17.67,Snowy,None,27.29
1452,2025-03-05 21:13:00,High,Light,Standard,Medium,9.8,11.97,Snowy,Sports Event,24.28
1453,2025-03-03 00:47:00,High,Moderate,Standard,Medium,4.3,10.37,Snowy,None,17.79
1454,2025-03-07 08:17:00,Medium,Moderate,Flexible,Low,12.1,19.39,Snowy,Concert,42.82
1455,2025-03-03 16:47:00,Low,Moderate,Flexible,Medium,8.8,13.64,Stormy,Sports Event,21.07
1456,2025-03-01 23:15:00,Medium,Light,Standard,High,4.0,9.6,Clear,Concert,12.36
1457,2025-03-08 07:20:00,Low,Light,Flexible,Medium,13.6,15.06,Clear,Holiday,17.62
1458,2025-03-09 01:04:00,Medium,Heavy,Standard,Medium,5.9,15.66,Rainy,Holiday,32.25
1459,2025-03-08 15:02:00,Medium,Moderate,Flexible,High,9.4,8.66,Snowy,Holiday,13.24
1460,2025-03-05 15:24:00,Medium,Heavy,Standard,Medium,5.1,5.06,Clear,Concert,8.68
1461,2025-03-10 13:17:00,High,Moderate,Standard,Low,5.2,6.88,Clear,None,12.79
1462,2025-03-03 05:35:00,Medium,Heavy,Urgent,Low,13.4,15.25,Rainy,Holiday,57.15
1463,2025-03-05 18:32:00,Medium,Moderate,Flexible,Medium,5.5,5.86,Rainy,None,7.66
1464,2025-03-10 22:11:00,High,Light,Flexible,High,9.8,12.8,Snowy,Concert,21.03
1465,2025-03-01 13:10:00,High,Heavy,Standard,Medium,6.6,16.49,Rainy,Sports Event,40.13
1466,2025-03-01 17:27:00,Medium,Moderate,Urgent,Medium,6.2,13.74,Snowy,None,27.93
1467,2025-03-05 12:24:00,Low,Heavy,Urgent,High,1.5,16.87,Stormy,Sports Event,39.79
1468,2025-03-08 13:34:00,Low,Moderate,Flexible,Medium,5.6,10.95,Rainy,Holiday,16.91
1469,2025-03-05 15:46:00,Medium,Heavy,Standard,Low,7.8,12.49,Clear,Holiday,27.86
1470,2025-03-07 23:42:00,Medium,Moderate,Urgent,Low,7.5,17.73,Clear,Sports Event,50.76
1471,2025-03-10 10:37:00,Medium,Heavy,Standard,Medium,10.4,10.1,Rainy,Concert,20.8
1472,2025-03-06 22:34:00,Medium,Light,Standard,High,8.5,11.45,Stormy,None,13.6
1473,2025-03-05 13:30:00,Low,Heavy,Urgent,High,9.3,19.12,Snowy,Holiday,45.1
1474,2025-03-09 19:10:00,High,Moderate,Standard,Low,7.3,10.37,Stormy,Sports Event,30.07
1475,2025-03-07 06:05:00,Medium,Moderate,Flexible,Medium,9.1,6.72,Rainy,Sports Event,11.42
1476,2025-03-07 15:04:00,Medium,Light,Standard,High,3.3,19.65,Rainy,Sports Event,30.35
1477,2025-03-07 09:57:00,Medium,Heavy,Standard,Low,5.4,10.63,Clear,Holiday,23.71
1478,2025-03-06 20:27:00,Low,Moderate,Flexible,Low,11.7,17.98,Rainy,Concert,36.1
1479,2025-03-08 00:38:00,High,Moderate,Standard,Low,10.4,8.73,Snowy,Holiday,25.32
1480,2025-03-05 23:18:00,Low,Moderate,Flexible,High,5.3,10.31,Snowy,Concert,14.33
1481,2025-03-09 10:13:00,Medium,Heavy,Standard,High,8.0,7.5,Snowy,Concert,13.9
1482,2025-03-05 18:50:00,Low,Moderate,Flexible,Medium,3.3,12.89,Clear,Sports Event,16.59
1483,2025-03-06 02:26:00,Medium,Heavy,Standard,High,12.5,11.97,Stormy,Sports Event,22.18
1484,2025-03-08 16:41:00,Medium,Light,Standard,High,11.8,6.61,Rainy,Sports Event,10.21
1485,2025-03-04 07:48:00,Medium,Light,Standard,Low,13.5,17.55,Rainy,Holiday,39.15
1486,2025-03-05 10:43:00,High,Light,Standard,Low,8.0,17.98,Rainy,None,36.46
1487,2025-03-04 22:00:00,Low,Moderate,Flexible,High,5.7,15.96,Clear,Concert,18.49
1488,2025-03-06 16:45:00,Medium,Moderate,Urgent,Medium,10.2,19.56,Rainy,Holiday,51.69
1489,2025-03-06 22:49:00,Medium,Moderate,Urgent,High,14.6,7.57,Clear,Holiday,15.0
1490,2025-03-09 20:12:00,Low,Moderate,Standard,High,10.0,6.81,Stormy,Concert,10.52
1491,2025-03-03 19:28:00,Low,Light,Standard,High,7.6,14.86,Stormy,Sports Event,20.86
1492,2025-03-02 22:46:00,High,Heavy,Urgent,High,12.4,11.12,Clear,Holiday,28.41
1493,2025-03-10 04:49:00,High,Heavy,Standard,Medium,6.6,13.27,Clear,Holiday,26.91
1494,2025-03-04 02:52:00,Medium,Heavy,Flexible,Low,12.5,9.41,Snowy,Concert,22.67
1495,2025-03-03 12:45:00,Low,Light,Urgent,High,6.6,13.92,Stormy,Sports Event,27.36
1496,2025-03-04 08:02:00,High,Light,Standard,High,2.9,19.9,Clear,Sports Event,30.27
1497,2025-03-06 23:30:00,High,Light,Flexible,Low,5.9,16.32,Snowy,Sports Event,38.72
1498,2025-03-03 08:34:00,Medium,Heavy,Standard,Medium,14.6,11.42,Clear,Concert,19.6
1499,2025-03-08 08:52:00,High,Moderate,Urgent,High,2.7,10.7,Snowy,Holiday,30.08
1500,2025-03-08 21:57:00,Medium,Moderate,Flexible,Medium,12.3,17.05,Snowy,Holiday,28.97
1501,2025-03-05 14:32:00,High,Heavy,Urgent,High,8.5,9.46,Snowy,None,22.31
1502,2025-03-07 22:36:00,Low,Light,Flexible,High,4.0,15.47,Snowy,None,15.04
1503,2025-03-10 22:27:00,High,Moderate,Urgent,Low,1.2,5.73,Snowy,Sports Event,23.26
1504,2025-03-08 21:11:00,Low,Moderate,Standard,High,9.4,17.52,Clear,None,17.34
1505,2025-03-09 11:44:00,Medium,Light,Urgent,Low,4.6,9.44,Snowy,None,22.68
1506,2025-03-05 23:07:00,High,Moderate,Standard,High,14.3,16.35,Clear,None,21.04
1507,2025-03-03 08:35:00,Low,Light,Flexible,Medium,14.5,13.57,Snowy,Sports Event,19.05
1508,2025-03-05 15:25:00,Low,Light,Flexible,Low,4.7,8.41,Clear,Concert,12.79
1509,2025-03-07 01:35:00,Low,Light,Urgent,High,15.0,15.06,Snowy,Holiday,29.6
1510,2025-03-11 01:43:00,High,Moderate,Urgent,Low,13.4,14.12,Stormy,Sports Event,57.33
1511,2025-03-06 22:10:00,Low,Heavy,Flexible,Medium,14.3,8.63,Stormy,Sports Event,14.54
1512,2025-03-04 09:23:00,High,Moderate,Standard,Medium,11.7,18.9,Stormy,Holiday,42.16
1513,2025-03-03 08:09:00,Low,Light,Urgent,Low,1.0,19.96,Stormy,Holiday,56.67
1514,2025-03-05 15:38:00,Low,Moderate,Flexible,Medium,8.8,7.45,Snowy,Concert,11.51
1515,2025-03-01 21:30:00,Low,Light,Standard,Low,10.4,9.74,Snowy,Concert,19.75
1516,2025-03-02 00:35:00,Low,Moderate,Flexible,High,8.8,17.12,Rainy,Concert,23.8
1517,2025-03-10 10:12:00,Low,Light,Standard,Medium,1.7,6.29,Rainy,Holiday,9.81
1518,2025-03-02 22:38:00,High,Heavy,Flexible,High,5.0,8.0,Clear,Holiday,13.14
1519,2025-03-02 15:51:00,High,Light,Urgent,High,4.1,6.91,Clear,Holiday,14.71
1520,2025-03-05 20:04:00,Medium,Heavy,Urgent,Low,3.4,12.42,Clear,Holiday,38.79
1521,2025-03-10 15:38:00,High,Heavy,Flexible,High,12.7,8.15,Stormy,Holiday,16.07
1522,2025-03-07 11:40:00,Medium,Light,Urgent,Low,11.8,17.92,Clear,Sports Event,46.64
1523,2025-03-11 05:23:00,Low,Heavy,Urgent,Medium,13.2,17.41,Rainy,Sports Event,45.63
1524,2025-03-06 22:04:00,Medium,Heavy,Urgent,Medium,1.8,9.21,Snowy,Concert,26.55
1525,2025-03-03 02:49:00,Medium,Light,Standard,High,4.3,8.6,Snowy,Holiday,13.28
1526,2025-03-10 16:22:00,High,Heavy,Urgent,Medium,8.2,7.58,Clear,Concert,21.52
1527,2025-03-10 20:26:00,Medium,Light,Urgent,High,11.4,13.55,Snowy,None,22.54
1528,2025-03-11 00:08:00,High,Moderate,Standard,High,8.2,16.21,Snowy,Sports Event,32.55
1529,2025-03-10 19:46:00,Low,Light,Standard,Low,10.4,11.33,Clear,Concert,19.15
1530,2025-03-01 13:33:00,Low,Light,Urgent,High,13.7,6.66,Rainy,None,10.07
1531,2025-03-09 00:58:00,Medium,Moderate,Urgent,Medium,10.0,18.26,Rainy,Concert,48.25
1532,2025-03-03 15:23:00,High,Heavy,Urgent,High,10.8,13.82,Clear,Concert,35.31
1533,2025-03-04 02:24:00,High,Heavy,Urgent,High,15.0,16.01,Rainy,None,37.76
1534,2025-03-10 06:40:00,Medium,Heavy,Flexible,Low,7.9,10.65,Snowy,None,19.74
1535,2025-03-07 13:43:00,Low,Heavy,Flexible,High,4.7,18.91,Clear,Sports Event,23.89
1536,2025-03-08 10:29:00,Low,Moderate,Urgent,High,10.4,15.89,Rainy,Concert,34.36
1537,2025-03-07 19:42:00,Medium,Moderate,Standard,Medium,9.6,14.55,Stormy,Holiday,27.46
1538,2025-03-02 08:20:00,Low,Light,Standard,Medium,2.9,7.38,Snowy,Sports Event,11.51
1539,2025-03-08 16:46:00,High,Moderate,Standard,Medium,10.0,14.94,Rainy,None,25.64
1540,2025-03-01 14:41:00,Low,Light,Flexible,Low,3.7,9.77,Rainy,None,13.72
1541,2025-03-06 02:59:00,Low,Heavy,Flexible,Low,13.6,14.88,Snowy,Holiday,32.59
1542,2025-03-05 12:06:00,High,Heavy,Standard,Low,13.9,10.0,Snowy,Sports Event,31.64
1543,2025-03-01 13:26:00,Medium,Heavy,Standard,Medium,1.9,16.08,Clear,Concert,27.59
1544,2025-03-08 11:09:00,High,Heavy,Flexible,High,5.8,16.14,Clear,Concert,26.51
1545,2025-03-04 18:14:00,Low,Light,Urgent,High,12.8,11.36,Snowy,Concert,22.33
1546,2025-03-03 04:53:00,High,Light,Standard,Low,14.3,15.97,Snowy,None,32.39
1547,2025-03-03 02:40:00,High,Light,Standard,Medium,13.6,9.92,Clear,None,12.9
1548,2025-03-06 00:47:00,Medium,Heavy,Standard,Medium,14.1,16.78,Clear,Sports Event,28.79
1549,2025-03-05 21:06:00,Medium,Moderate,Urgent,Medium,8.8,6.08,Snowy,None,12.36
1550,2025-03-07 22:39:00,Low,Moderate,Standard,High,10.6,17.65,Stormy,Sports Event,27.26
1551,2025-03-11 05:41:00,Medium,Light,Urgent,Medium,3.7,19.79,Rainy,None,36.57
1552,2025-03-06 05:06:00,High,Moderate,Flexible,Low,2.0,6.31,Rainy,Concert,16.47
1553,2025-03-04 10:14:00,Low,Heavy,Urgent,Medium,2.2,15.22,Stormy,Holiday,39.89
1554,2025-03-07 03:35:00,Medium,Heavy,Standard,Medium,2.6,18.42,Snowy,Holiday,37.93
1555,2025-03-05 15:18:00,Low,Moderate,Urgent,High,5.2,12.43,Snowy,Concert,26.88
1556,2025-03-01 20:27:00,High,Moderate,Standard,High,3.3,18.62,Rainy,None,28.76
1557,2025-03-01 18:47:00,Medium,Moderate,Flexible,Medium,12.2,13.81,Rainy,None,18.05
1558,2025-03-01 14:10:00,Medium,Heavy,Standard,Medium,7.1,8.83,Rainy,None,13.99
1559,2025-03-10 20:07:00,Low,Moderate,Flexible,Low,7.6,6.95,Rainy,Concert,13.95
1560,2025-03-07 21:06:00,Low,Light,Flexible,High,14.0,10.76,Clear,Concert,11.33
1561,2025-03-04 22:26:00,High,Heavy,Urgent,Medium,7.0,14.44,Stormy,Holiday,49.2
1562,2025-03-03 03:18:00,Low,Heavy,Standard,Low,10.1,11.94,Clear,None,18.63
1563,2025-03-08 11:36:00,Low,Light,Urgent,Medium,12.9,15.7,Stormy,Holiday,34.29
1564,2025-03-10 07:45:00,Medium,Moderate,Flexible,High,12.9,15.49,Rainy,Concert,23.68
1565,2025-03-07 19:01:00,High,Moderate,Flexible,Low,4.0,8.9,Snowy,None,17.87
1566,2025-03-03 19:25:00,Low,Light,Standard,Low,7.6,9.03,Snowy,Holiday,18.31
1567,2025-03-01 09:37:00,High,Light,Standard,Medium,6.3,17.63,Snowy,Concert,35.75
1568,2025-03-10 22:16:00,Low,Light,Standard,High,1.6,15.99,Snowy,None,17.27
1569,2025-03-09 18:31:00,High,Heavy,Standard,Medium,5.0,6.32,Clear,None,9.86
1570,2025-03-07 17:05:00,Low,Moderate,Flexible,Low,10.6,10.58,Snowy,Concert,21.24
1571,2025-03-08 19:39:00,Low,Light,Flexible,Low,7.7,8.97,Stormy,None,12.59
1572,2025-03-07 15:53:00,High,Heavy,Flexible,High,14.3,8.81,Clear,Concert,14.47
1573,2025-03-01 12:05:00,Medium,Heavy,Flexible,High,14.9,13.02,Clear,Holiday,18.1
1574,2025-03-07 17:14:00,Low,Light,Flexible,Low,2.8,14.2,Snowy,Holiday,25.92
1575,2025-03-01 22:44:00,High,Light,Urgent,Low,3.1,11.33,Rainy,Sports Event,41.82
1576,2025-03-07 11:25:00,Low,Heavy,Standard,Low,11.8,12.59,Stormy,Concert,30.64
1577,2025-03-10 17:42:00,Medium,Light,Standard,Low,4.1,6.17,Stormy,Sports Event,13.76
1578,2025-03-08 05:44:00,High,Light,Standard,Low,7.3,15.92,Snowy,Holiday,41.97
1579,2025-03-02 23:22:00,High,Light,Flexible,Low,9.9,15.3,Stormy,Holiday,36.3
1580,2025-03-03 11:37:00,Low,Moderate,Urgent,Medium,10.1,8.07,Clear,Sports Event,16.16
1581,2025-03-10 15:19:00,Low,Heavy,Urgent,Medium,9.2,5.18,Clear,None,8.7
1582,2025-03-06 11:21:00,Low,Light,Urgent,Medium,2.7,5.65,Clear,Concert,10.28
1583,2025-03-10 03:03:00,Low,Moderate,Flexible,Low,4.0,8.72,Rainy,Concert,17.51
1584,2025-03-04 22:44:00,Medium,Heavy,Flexible,Medium,1.2,9.85,Snowy,Concert,18.25
1585,2025-03-02 02:35:00,Medium,Heavy,Urgent,Medium,3.3,18.01,Snowy,Sports Event,51.92
1586,2025-03-02 22:08:00,High,Moderate,Urgent,Medium,8.1,12.47,Clear,Holiday,32.45
1587,2025-03-10 01:41:00,High,Heavy,Standard,Medium,12.7,8.45,Snowy,Sports Event,20.56
1588,2025-03-02 15:22:00,High,Light,Standard,High,1.4,11.27,Snowy,Concert,20.57
1589,2025-03-06 01:30:00,High,Heavy,Flexible,High,1.1,11.94,Snowy,Sports Event,23.54
1590,2025-03-02 02:41:00,Low,Heavy,Standard,High,1.8,12.32,Stormy,Concert,20.76
1591,2025-03-03 06:38:00,High,Moderate,Flexible,High,9.2,16.78,Clear,None,19.44
1592,2025-03-09 09:00:00,Medium,Heavy,Standard,High,4.9,17.16,Clear,None,20.39
1593,2025-03-07 19:22:00,Medium,Light,Urgent,High,3.2,18.22,Clear,None,25.25
1594,2025-03-03 08:22:00,High,Heavy,Flexible,Low,8.5,11.18,Stormy,None,24.49
1595,2025-03-01 21:36:00,High,Heavy,Standard,Medium,2.8,7.75,Stormy,Holiday,18.86
1596,2025-03-01 20:25:00,Medium,Heavy,Standard,Low,13.3,5.16,Rainy,Concert,13.81
1597,2025-03-02 12:11:00,High,Moderate,Standard,High,4.9,14.16,Clear,Concert,23.69
1598,2025-03-08 11:35:00,Low,Light,Urgent,High,6.3,8.5,Snowy,None,12.85
1599,2025-03-11 02:10:00,Low,Moderate,Flexible,High,1.8,16.1,Rainy,Concert,22.38
1600,2025-03-04 06:15:00,High,Light,Flexible,Medium,2.6,10.78,Rainy,Concert,19.68
1601,2025-03-08 09:14:00,Medium,Light,Urgent,Low,7.0,6.41,Snowy,Holiday,20.02
1602,2025-03-04 11:48:00,Low,Light,Flexible,High,6.1,6.09,Stormy,Sports Event,7.7
1603,2025-03-05 18:26:00,High,Heavy,Flexible,Medium,3.3,10.67,Stormy,Sports Event,23.37
1604,2025-03-01 21:34:00,High,Moderate,Flexible,Medium,11.3,10.53,Rainy,None,16.26
1605,2025-03-07 03:03:00,High,Moderate,Urgent,Low,1.3,9.38,Stormy,Concert,38.08
1606,2025-03-08 03:00:00,Medium,Moderate,Standard,Low,11.5,19.15,Clear,None,30.12
1607,2025-03-05 08:04:00,Medium,Light,Urgent,Medium,14.6,18.35,Snowy,Sports Event,44.08
1608,2025-03-10 09:05:00,Low,Heavy,Standard,Low,4.1,12.09,Clear,None,18.86
1609,2025-03-02 10:35:00,Low,Heavy,Standard,Medium,5.4,15.72,Rainy,None,22.64
1610,2025-03-03 08:32:00,High,Moderate,Flexible,Medium,5.8,19.37,Clear,Concert,32.41
1611,2025-03-01 16:25:00,Low,Light,Standard,High,3.8,14.72,Clear,Sports Event,17.22
1612,2025-03-08 20:36:00,Medium,Light,Flexible,Low,8.8,7.1,Stormy,Sports Event,14.25
1613,2025-03-07 00:56:00,High,Light,Urgent,Low,9.4,12.41,Snowy,Concert,45.8
1614,2025-03-02 19:55:00,Low,Moderate,Standard,Low,14.2,16.35,Stormy,Concert,36.47
1615,2025-03-02 01:38:00,High,Heavy,Standard,Low,11.1,17.87,Stormy,None,43.49
1616,2025-03-04 03:02:00,Low,Moderate,Standard,Medium,8.7,10.15,Clear,Holiday,14.51
1617,2025-03-03 14:21:00,Low,Moderate,Standard,High,12.4,11.73,Snowy,None,13.94
1618,2025-03-03 06:15:00,High,Heavy,Standard,High,10.2,14.15,Snowy,Holiday,30.99
1619,2025-03-08 06:47:00,Low,Light,Standard,Low,6.2,10.04,Clear,Concert,16.97
1620,2025-03-05 16:14:00,Medium,Moderate,Standard,High,9.5,12.75,Snowy,Holiday,21.66
1621,2025-03-10 06:47:00,Low,Moderate,Standard,Low,1.0,15.94,Stormy,Sports Event,35.56
1622,2025-03-09 14:55:00,Low,Light,Flexible,Low,7.3,14.72,Stormy,Sports Event,26.87
1623,2025-03-07 13:32:00,High,Heavy,Urgent,Low,8.1,15.66,Rainy,Sports Event,69.36
1624,2025-03-08 01:56:00,High,Heavy,Urgent,Medium,8.4,7.66,Stormy,Holiday,26.1
1625,2025-03-07 09:40:00,High,Moderate,Flexible,High,1.4,9.14,Stormy,Holiday,16.52
1626,2025-03-10 12:17:00,Low,Heavy,Standard,High,1.1,9.55,Snowy,Concert,16.09
1627,2025-03-10 06:41:00,High,Light,Standard,High,10.5,6.84,Snowy,None,9.6
1628,2025-03-10 18:54:00,Low,Moderate,Urgent,Medium,6.6,10.47,Snowy,Holiday,25.15
1629,2025-03-01 18:46:00,High,Light,Urgent,Low,14.0,6.52,Clear,Holiday,20.05
1630,2025-03-09 06:34:00,Medium,Light,Standard,Low,4.7,6.33,Clear,Concert,11.77
1631,2025-03-01 22:31:00,High,Light,Standard,Low,2.6,10.75,Snowy,None,21.8
1632,2025-03-09 18:55:00,Medium,Heavy,Standard,High,11.3,12.57,Clear,Concert,19.41
1633,2025-03-01 13:54:00,Medium,Moderate,Urgent,Low,1.7,13.42,Rainy,None,35.46
1634,2025-03-10 18:33:00,High,Heavy,Flexible,Medium,9.1,12.94,Stormy,None,21.8
1635,2025-03-09 20:28:00,High,Heavy,Urgent,Low,9.5,5.01,Snowy,Concert,22.19
1636,2025-03-07 05:50:00,Medium,Moderate,Urgent,High,1.3,17.11,Rainy,Concert,40.69
1637,2025-03-10 05:41:00,High,Moderate,Urgent,High,4.5,15.31,Snowy,Concert,43.03
1638,2025-03-09 02:06:00,High,Moderate,Urgent,High,2.5,14.76,Rainy,None,31.91
1639,2025-03-02 13:20:00,Medium,Heavy,Standard,Low,4.5,14.59,Clear,Sports Event,32.55
1640,2025-03-09 23:29:00,Low,Light,Flexible,Medium,10.1,10.61,Stormy,Sports Event,14.9
1641,2025-03-03 08:37:00,Low,Moderate,Standard,Medium,9.9,16.24,Snowy,None,21.44
1642,2025-03-07 15:41:00,High,Light,Standard,High,8.9,19.89,Stormy,Concert,36.3
1643,2025-03-02 01:04:00,Medium,Light,Flexible,Low,14.5,9.37,Rainy,Holiday,18.81
1644,2025-03-06 08:23:00,High,Heavy,Standard,High,8.1,17.01,Clear,Concert,31.05
1645,2025-03-09 17:14:00,High,Light,Flexible,High,11.8,7.28,Snowy,None,9.2
1646,2025-03-06 13:31:00,High,Heavy,Urgent,Low,14.8,14.78,Clear,Sports Event,54.55
1647,2025-03-05 01:03:00,Medium,Moderate,Flexible,Medium,3.2,12.29,Stormy,Holiday,20.88
1648,2025-03-03 03:40:00,Low,Heavy,Urgent,Medium,7.5,13.28,Snowy,None,26.77
1649,2025-03-04 10:54:00,Medium,Light,Urgent,High,14.4,17.26,Clear,Holiday,31.1
1650,2025-03-08 02:17:00,Low,Heavy,Urgent,Medium,12.5,19.87,Stormy,Sports Event,52.08
1651,2025-03-05 20:23:00,High,Moderate,Flexible,Medium,1.2,5.25,Stormy,Holiday,10.54
1652,2025-03-06 03:54:00,High,Moderate,Flexible,High,3.7,13.29,Stormy,Holiday,24.01
1653,2025-03-06 04:16:00,High,Moderate,Urgent,Low,2.1,16.03,Snowy,Concert,65.08
1654,2025-03-09 07:06:00,Medium,Moderate,Urgent,Low,12.2,8.56,Clear,Sports Event,24.51
1655,2025-03-05 22:41:00,High,Moderate,Flexible,Low,12.4,15.6,Clear,Holiday,33.93
1656,2025-03-09 16:05:00,Low,Light,Standard,High,12.9,16.34,Rainy,Concert,22.94
1657,2025-03-05 01:19:00,High,Heavy,Flexible,Medium,14.5,5.26,Snowy,None,8.86
1658,2025-03-10 06:00:00,Medium,Moderate,Flexible,Low,11.4,11.21,Clear,None,15.87
1659,2025-03-09 10:49:00,Low,Heavy,Urgent,Medium,14.1,10.77,Clear,Sports Event,23.52
1660,2025-03-07 19:13:00,High,Heavy,Urgent,High,3.0,8.65,Stormy,None,20.4
1661,2025-03-05 02:29:00,High,Heavy,Urgent,Low,4.4,16.83,Stormy,Holiday,74.54
1662,2025-03-01 10:40:00,High,Moderate,Flexible,Low,2.6,11.51,Rainy,None,23.11
1663,2025-03-02 23:19:00,Low,Heavy,Flexible,Low,9.6,10.78,Rainy,Sports Event,23.61
1664,2025-03-07 19:27:00,High,Moderate,Standard,High,11.6,19.43,Snowy,Holiday,39.01
1665,2025-03-05 06:52:00,Low,Light,Urgent,Low,9.9,11.25,Clear,Concert,26.62
1666,2025-03-04 03:58:00,Medium,Moderate,Flexible,High,7.1,13.39,Stormy,None,15.75
1667,2025-03-10 04:47:00,Medium,Light,Flexible,High,5.3,10.65,Snowy,None,11.39
1668,2025-03-01 18:14:00,Low,Moderate,Standard,Medium,4.5,9.33,Stormy,None,12.32
1669,2025-03-06 20:24:00,Low,Moderate,Urgent,Medium,9.0,11.8,Clear,Holiday,23.62
1670,2025-03-06 02:00:00,Low,Light,Flexible,High,13.2,8.83,Rainy,None,8.58
1671,2025-03-01 20:03:00,High,Light,Flexible,High,5.6,11.55,Clear,None,12.16
1672,2025-03-11 03:39:00,High,Moderate,Flexible,Low,4.7,16.19,Snowy,Concert,42.26
1673,2025-03-02 15:49:00,High,Moderate,Flexible,Medium,1.2,15.44,Stormy,Holiday,31.0
1674,2025-03-10 20:22:00,High,Light,Flexible,High,9.0,11.21,Stormy,None,14.16
1675,2025-03-04 01:44:00,Low,Moderate,Standard,High,5.1,10.43,Snowy,Holiday,16.11
1676,2025-03-06 01:46:00,High,Light,Flexible,High,8.9,18.33,Stormy,Concert,30.11
1677,2025-03-07 01:06:00,Low,Heavy,Urgent,Low,13.0,11.79,Clear,Concert,33.47
1678,2025-03-04 07:25:00,Medium,Moderate,Urgent,Low,2.5,7.51,Stormy,None,19.85
1679,2025-03-06 22:15:00,Medium,Heavy,Flexible,High,2.1,13.99,Stormy,Holiday,23.33
1680,2025-03-02 15:28:00,Medium,Heavy,Flexible,High,3.2,13.35,Snowy,Concert,22.27
1681,2025-03-04 18:13:00,Low,Heavy,Urgent,Low,11.6,19.88,Clear,Holiday,56.44
1682,2025-03-09 11:48:00,Medium,Heavy,Urgent,Low,10.0,7.04,Snowy,Sports Event,26.38
1683,2025-03-04 06:27:00,Medium,Moderate,Standard,Medium,2.4,11.97,Snowy,Concert,22.59
1684,2025-03-02 05:53:00,Low,Heavy,Flexible,Low,4.6,18.32,Clear,Concert,33.44
1685,2025-03-02 18:03:00,Medium,Light,Standard,Medium,5.6,11.2,Rainy,Holiday,19.22
1686,2025-03-04 04:31:00,High,Moderate,Flexible,Medium,6.2,19.03,Snowy,Holiday,38.21
1687,2025-03-04 12:56:00,High,Light,Standard,Low,2.5,7.33,Rainy,None,14.87
1688,2025-03-07 09:36:00,Low,Heavy,Urgent,Low,4.2,18.56,Clear,None,40.54
1689,2025-03-02 15:40:00,Medium,Heavy,Urgent,Low,3.0,9.73,Stormy,Concert,36.47
1690,2025-03-08 14:29:00,Medium,Heavy,Urgent,Low,3.5,19.55,Stormy,Sports Event,73.27
1691,2025-03-05 02:46:00,Medium,Moderate,Standard,Low,14.7,7.19,Snowy,Holiday,17.64
1692,2025-03-10 06:29:00,Low,Light,Standard,Low,1.9,7.67,Stormy,Concert,15.55
1693,2025-03-09 01:35:00,High,Heavy,Flexible,Medium,1.4,5.22,Stormy,Concert,11.43
1694,2025-03-09 14:28:00,High,Moderate,Urgent,Medium,1.2,18.78,Clear,Holiday,48.88
1695,2025-03-06 12:12:00,Medium,Moderate,Standard,Low,2.9,18.83,Rainy,None,35.54
1696,2025-03-02 19:53:00,High,Moderate,Flexible,Low,3.4,19.76,Stormy,None,39.67
1697,2025-03-04 21:13:00,High,Heavy,Urgent,Low,10.2,18.31,Stormy,Sports Event,81.1
1698,2025-03-01 22:46:00,Medium,Heavy,Flexible,High,6.9,16.5,Stormy,None,21.17
1699,2025-03-05 19:17:00,Low,Moderate,Flexible,Medium,3.7,13.43,Rainy,Concert,20.74
1700,2025-03-08 15:41:00,Low,Heavy,Flexible,Medium,1.8,13.51,Stormy,None,17.51
1701,2025-03-01 09:49:00,Medium,Moderate,Flexible,Low,3.7,8.8,Stormy,None,14.95
1702,2025-03-09 08:07:00,Low,Light,Standard,Low,11.5,5.46,Snowy,Sports Event,11.07
1703,2025-03-05 20:37:00,High,Light,Standard,High,7.6,17.56,Rainy,None,24.65
1704,2025-03-07 05:46:00,Medium,Heavy,Flexible,Low,1.1,8.07,Stormy,Concert,19.44
1705,2025-03-04 22:27:00,Low,Heavy,Urgent,Medium,9.8,8.79,Snowy,None,17.72
1706,2025-03-04 10:15:00,Low,Light,Standard,Medium,5.5,16.33,Snowy,Holiday,25.47
1707,2025-03-04 01:19:00,Low,Heavy,Standard,High,4.3,14.93,Stormy,Concert,25.15
1708,2025-03-05 21:56:00,Medium,Light,Standard,Low,13.5,5.33,Stormy,Sports Event,11.89
1709,2025-03-07 08:03:00,Medium,Heavy,Urgent,Low,2.3,6.94,Snowy,None,20.01
1710,2025-03-05 05:34:00,High,Heavy,Standard,Medium,11.8,7.25,Clear,Sports Event,14.7
1711,2025-03-08 12:48:00,Low,Moderate,Urgent,Medium,1.4,5.72,Snowy,Concert,13.74
1712,2025-03-08 02:28:00,High,Light,Urgent,Medium,12.4,12.21,Clear,Holiday,28.89
1713,2025-03-06 11:52:00,Medium,Heavy,Flexible,High,7.9,13.95,Clear,Concert,19.39
1714,2025-03-07 15:32:00,Medium,Heavy,Standard,Medium,2.6,16.63,Snowy,Sports Event,34.24
1715,2025-03-11 05:44:00,Medium,Moderate,Standard,Low,8.0,5.05,Snowy,None,9.53
1716,2025-03-07 23:37:00,High,Heavy,Standard,High,3.8,19.81,Clear,Holiday,36.16
1717,2025-03-07 14:08:00,Medium,Moderate,Urgent,High,7.5,17.64,Snowy,None,32.27
1718,2025-03-11 02:34:00,Low,Light,Standard,Low,1.0,11.43,Snowy,Concert,23.18
1719,2025-03-03 23:01:00,Medium,Light,Standard,High,4.7,19.03,Rainy,Sports Event,29.39
1720,2025-03-10 01:31:00,Medium,Moderate,Standard,Medium,13.4,15.0,Stormy,Holiday,28.31
1721,2025-03-01 15:43:00,Medium,Light,Standard,High,5.1,17.81,Snowy,Sports Event,27.51
1722,2025-03-05 07:50:00,High,Moderate,Flexible,Medium,7.7,17.67,Rainy,Sports Event,35.48
1723,2025-03-05 22:24:00,High,Moderate,Standard,High,13.7,7.25,Rainy,Holiday,14.56
1724,2025-03-09 23:16:00,Medium,Light,Flexible,High,2.6,13.71,Stormy,Holiday,19.06
1725,2025-03-06 02:43:00,High,Moderate,Urgent,Medium,11.9,8.62,Snowy,Sports Event,26.92
1726,2025-03-07 01:30:00,Low,Heavy,Flexible,Medium,11.3,17.68,Rainy,Holiday,29.79
1727,2025-03-06 00:03:00,Medium,Moderate,Standard,High,8.8,6.35,Clear,Concert,8.99
1728,2025-03-11 01:59:00,High,Light,Flexible,High,11.6,13.35,Rainy,Sports Event,21.93
1729,2025-03-08 10:54:00,Low,Moderate,Standard,High,13.7,10.55,Clear,None,10.44
1730,2025-03-01 17:35:00,High,Light,Urgent,High,14.5,6.36,Stormy,None,12.5
1731,2025-03-03 11:14:00,Medium,Moderate,Flexible,Low,5.7,15.94,Stormy,Concert,35.2
1732,2025-03-03 18:57:00,Low,Light,Urgent,Medium,2.3,18.86,Stormy,Sports Event,41.19
1733,2025-03-05 22:05:00,Medium,Heavy,Urgent,Low,1.1,16.37,Clear,Holiday,51.13
1734,2025-03-08 12:42:00,Low,Heavy,Flexible,High,4.7,17.7,Snowy,Concert,26.84
1735,2025-03-05 04:29:00,High,Heavy,Flexible,Low,8.3,17.32,Rainy,Holiday,49.32
1736,2025-03-08 12:59:00,Low,Moderate,Urgent,Low,5.6,15.21,Rainy,Sports Event,47.5
1737,2025-03-06 22:31:00,Medium,Light,Urgent,Low,12.9,5.31,Stormy,Sports Event,16.58
1738,2025-03-06 13:28:00,Medium,Moderate,Standard,High,6.1,17.04,Snowy,None,22.27
1739,2025-03-10 04:33:00,Medium,Light,Urgent,High,10.3,19.0,Clear,Sports Event,34.23
1740,2025-03-06 00:10:00,High,Heavy,Flexible,Low,4.0,5.89,Clear,None,10.75
1741,2025-03-04 11:48:00,High,Moderate,Flexible,Low,10.5,5.97,Stormy,Sports Event,15.58
1742,2025-03-03 09:13:00,Low,Light,Standard,High,7.8,7.86,Snowy,Sports Event,11.04
1743,2025-03-02 21:37:00,Medium,Moderate,Flexible,High,4.5,13.45,Stormy,Holiday,20.56
1744,2025-03-04 12:02:00,Medium,Moderate,Flexible,High,2.4,9.39,Snowy,Sports Event,14.36
1745,2025-03-05 13:20:00,Low,Heavy,Flexible,Medium,10.7,13.39,Clear,Concert,18.8
1746,2025-03-02 12:42:00,Medium,Moderate,Standard,Medium,4.0,11.75,Stormy,Sports Event,22.18
1747,2025-03-11 05:29:00,Low,Moderate,Standard,Low,1.6,5.56,Rainy,None,9.54
1748,2025-03-08 16:27:00,Medium,Light,Urgent,Low,2.4,15.96,Clear,Sports Event,41.54
1749,2025-03-03 16:22:00,Medium,Heavy,Standard,Medium,8.9,17.73,Rainy,Holiday,36.51
1750,2025-03-06 16:27:00,Low,Moderate,Standard,High,10.5,12.51,Clear,Concert,16.1
1751,2025-03-02 21:58:00,High,Moderate,Urgent,Low,1.4,16.33,Snowy,Sports Event,66.3
1752,2025-03-01 23:15:00,Medium,Moderate,Standard,High,1.6,9.12,Rainy,None,11.92
1753,2025-03-09 08:49:00,Medium,Light,Standard,High,3.2,13.68,Rainy,Concert,21.13
1754,2025-03-10 05:16:00,Medium,Heavy,Urgent,Low,7.4,12.65,Clear,None,30.39
1755,2025-03-10 21:41:00,Medium,Moderate,Standard,Medium,11.7,13.88,Snowy,Concert,26.2
1756,2025-03-10 22:09:00,High,Heavy,Urgent,High,12.4,10.84,Rainy,None,25.57
1757,2025-03-07 07:53:00,Medium,Heavy,Flexible,Low,1.1,5.99,Rainy,Holiday,14.43
1758,2025-03-05 23:51:00,Medium,Heavy,Flexible,Medium,1.2,12.03,Stormy,Holiday,22.29
1759,2025-03-04 06:20:00,Medium,Light,Standard,Low,4.8,12.24,Rainy,Concert,27.3
1760,2025-03-04 22:28:00,High,Moderate,Urgent,High,9.3,18.59,Snowy,Concert,52.25
1761,2025-03-08 18:03:00,Medium,Moderate,Standard,High,1.1,11.7,Stormy,Holiday,19.88
1762,2025-03-05 14:12:00,Medium,Moderate,Standard,High,5.3,12.35,Rainy,None,16.14
1763,2025-03-10 14:31:00,Medium,Heavy,Urgent,High,5.8,10.49,Snowy,None,20.94
1764,2025-03-03 16:42:00,High,Heavy,Urgent,Low,12.2,8.61,Rainy,Holiday,38.13
1765,2025-03-02 14:48:00,High,Heavy,Flexible,Low,7.9,11.83,Snowy,Concert,33.68
1766,2025-03-05 12:01:00,Medium,Light,Standard,Medium,8.1,8.96,Snowy,None,11.83
1767,2025-03-01 22:06:00,High,Light,Standard,Medium,3.1,11.88,Clear,Holiday,20.08
1768,2025-03-09 23:50:00,High,Moderate,Standard,High,14.6,9.6,Clear,Holiday,16.06
1769,2025-03-02 04:34:00,Medium,Moderate,Flexible,High,5.4,15.72,Clear,Holiday,20.03
1770,2025-03-11 05:31:00,Low,Light,Standard,Low,12.8,11.95,Rainy,Concert,24.23
1771,2025-03-10 06:55:00,Low,Moderate,Urgent,High,10.7,9.41,Rainy,None,15.65
1772,2025-03-07 09:24:00,High,Light,Standard,High,6.0,13.11,Stormy,Holiday,23.93
1773,2025-03-09 05:19:00,Low,Moderate,Urgent,Low,4.6,9.02,Rainy,None,21.67
1774,2025-03-10 23:57:00,Medium,Heavy,Flexible,High,7.2,7.36,Snowy,Concert,12.28
1775,2025-03-05 21:29:00,High,Heavy,Flexible,Medium,5.6,16.98,Clear,Sports Event,30.99
1776,2025-03-05 07:15:00,Medium,Moderate,Urgent,Medium,10.5,11.33,Clear,Concert,24.95
1777,2025-03-10 04:29:00,Low,Heavy,Standard,Low,11.8,10.81,Rainy,Concert,26.31
1778,2025-03-02 12:49:00,High,Moderate,Flexible,Low,3.4,17.15,Stormy,Sports Event,44.76
1779,2025-03-09 22:12:00,High,Moderate,Urgent,High,2.4,18.92,Clear,Holiday,44.32
1780,2025-03-04 21:20:00,High,Heavy,Urgent,High,5.2,6.77,Rainy,Concert,20.76
1781,2025-03-10 13:04:00,High,Moderate,Flexible,Low,5.4,7.59,Snowy,Holiday,19.81
1782,2025-03-09 17:56:00,High,Moderate,Flexible,Medium,7.4,12.15,Rainy,Sports Event,24.39
1783,2025-03-04 10:41:00,Low,Heavy,Urgent,High,2.1,9.37,Stormy,Concert,22.1
1784,2025-03-06 21:15:00,Low,Light,Standard,Low,12.9,19.15,Snowy,None,29.87
1785,2025-03-02 22:07:00,Medium,Light,Standard,Medium,1.8,14.0,Rainy,Holiday,24.02
1786,2025-03-10 19:59:00,High,Moderate,Flexible,Medium,10.2,19.38,Rainy,None,29.93
1787,2025-03-06 06:29:00,High,Moderate,Urgent,High,2.2,10.27,Snowy,Sports Event,28.87
1788,2025-03-05 00:04:00,Low,Moderate,Standard,Low,10.8,18.36,Stormy,Concert,40.96
1789,2025-03-07 13:53:00,Low,Moderate,Urgent,Medium,10.2,6.12,Clear,None,9.42
1790,2025-03-05 16:58:00,Low,Moderate,Standard,Low,9.9,11.37,Clear,Holiday,21.14
1791,2025-03-05 02:12:00,High,Moderate,Flexible,Medium,9.6,18.1,Clear,Sports Event,30.28
1792,2025-03-08 05:12:00,Low,Light,Standard,Medium,9.8,19.7,Clear,Holiday,25.61
1793,2025-03-06 21:59:00,Medium,Moderate,Urgent,Low,9.3,10.69,Clear,None,23.54
1794,2025-03-03 03:15:00,Medium,Light,Urgent,Low,9.9,12.68,Stormy,Sports Event,39.6
1795,2025-03-08 21:43:00,High,Heavy,Urgent,Low,1.2,18.45,Snowy,None,62.86
1796,2025-03-05 13:06:00,Medium,Light,Standard,Low,8.1,5.68,Stormy,Sports Event,12.67
1797,2025-03-06 05:50:00,High,Moderate,Standard,Low,6.2,19.84,Rainy,Holiday,57.54
1798,2025-03-09 19:12:00,Medium,Heavy,Urgent,Low,4.7,9.94,Clear,Sports Event,31.04
1799,2025-03-01 07:30:00,Medium,Heavy,Standard,Low,4.7,15.83,Stormy,None,32.6
1800,2025-03-03 19:06:00,Medium,Moderate,Urgent,High,11.5,16.01,Clear,Holiday,31.73
1801,2025-03-05 20:15:00,Medium,Light,Standard,High,11.7,12.18,Snowy,Holiday,18.81
1802,2025-03-07 16:13:00,Medium,Heavy,Urgent,Low,4.9,9.7,Snowy,Sports Event,36.35
1803,2025-03-10 21:34:00,High,Light,Flexible,Low,4.7,11.08,Stormy,Sports Event,26.29
1804,2025-03-07 15:18:00,High,Light,Flexible,Medium,12.4,5.55,Stormy,Sports Event,10.13
1805,2025-03-01 06:47:00,Low,Heavy,Urgent,Medium,5.5,13.65,Rainy,Concert,35.77
1806,2025-03-09 08:42:00,Low,Light,Flexible,Low,6.2,12.09,Snowy,Sports Event,22.07
1807,2025-03-01 16:18:00,High,Heavy,Urgent,Medium,5.9,7.67,Clear,Concert,21.78
1808,2025-03-03 01:05:00,High,Light,Flexible,Medium,15.0,18.65,Rainy,Concert,34.04
1809,2025-03-03 03:53:00,Medium,Heavy,Urgent,Medium,6.7,18.21,Clear,Holiday,43.75
1810,2025-03-01 19:06:00,High,Light,Standard,High,11.8,16.26,Snowy,Concert,29.68
1811,2025-03-05 23:54:00,Medium,Heavy,Standard,High,13.6,13.45,Clear,Sports Event,20.77
1812,2025-03-06 12:17:00,High,Moderate,Standard,Low,2.3,16.75,Clear,Holiday,40.48
1813,2025-03-02 03:57:00,High,Light,Urgent,Medium,12.3,15.87,Rainy,Holiday,45.06
1814,2025-03-08 07:32:00,Medium,Moderate,Standard,High,1.5,13.52,Rainy,Holiday,22.97
1815,2025-03-01 20:18:00,High,Heavy,Standard,High,12.3,19.39,Rainy,Holiday,42.47
1816,2025-03-04 17:21:00,High,Light,Flexible,High,12.4,17.09,Stormy,Sports Event,28.07
1817,2025-03-09 22:02:00,Medium,Moderate,Urgent,High,5.5,7.69,Rainy,Holiday,18.29
1818,2025-03-07 06:33:00,High,Light,Urgent,Low,6.1,10.31,Stormy,Concert,38.05
1819,2025-03-07 18:47:00,High,Heavy,Standard,Low,4.1,16.73,Clear,Holiday,44.11
1820,2025-03-09 03:29:00,Medium,Moderate,Flexible,Low,4.4,8.29,Snowy,Holiday,18.31
1821,2025-03-06 09:18:00,High,Light,Standard,High,3.0,8.54,Stormy,Sports Event,15.59
1822,2025-03-02 08:40:00,Medium,Light,Flexible,High,13.5,12.36,Clear,Concert,14.32
1823,2025-03-09 15:38:00,High,Light,Urgent,Medium,7.9,7.24,Snowy,Concert,20.56
1824,2025-03-08 08:45:00,High,Light,Urgent,Medium,10.7,14.2,Clear,Holiday,33.6
1825,2025-03-06 16:04:00,Medium,Heavy,Standard,Medium,5.4,8.53,Stormy,None,13.51
1826,2025-03-02 06:13:00,Medium,Light,Urgent,Medium,3.4,19.25,Rainy,Sports Event,46.25
1827,2025-03-03 01:01:00,Low,Light,Flexible,High,13.5,16.47,Clear,None,13.34
1828,2025-03-07 23:57:00,Low,Moderate,Standard,Low,10.4,12.56,Clear,Holiday,23.35
1829,2025-03-04 09:25:00,High,Light,Standard,Low,6.7,13.32,Snowy,None,27.01
1830,2025-03-11 04:30:00,Medium,Light,Standard,High,4.0,16.36,Rainy,Concert,25.27
1831,2025-03-01 20:39:00,Medium,Moderate,Flexible,Low,4.9,7.19,Rainy,None,12.21
1832,2025-03-07 06:56:00,High,Light,Standard,Low,11.7,14.17,Clear,Holiday,31.13
1833,2025-03-05 20:59:00,Low,Moderate,Standard,Low,6.4,8.44,Rainy,None,14.48
1834,2025-03-01 14:49:00,Medium,Heavy,Urgent,Medium,6.9,9.64,Stormy,Concert,27.79
1835,2025-03-10 03:47:00,Medium,Moderate,Standard,High,4.0,14.73,Snowy,Concert,25.02
1836,2025-03-02 14:22:00,High,Light,Standard,High,6.3,15.86,Stormy,Concert,28.95
1837,2025-03-03 08:50:00,Medium,Light,Standard,Low,14.8,18.43,Rainy,Concert,41.11
1838,2025-03-04 19:16:00,Medium,Light,Urgent,Medium,12.8,6.72,Clear,None,10.35
1839,2025-03-10 15:51:00,Medium,Moderate,Flexible,Medium,8.0,7.15,Stormy,None,9.34
1840,2025-03-09 00:32:00,High,Light,Standard,Low,12.8,19.54,Clear,None,33.02
1841,2025-03-09 13:04:00,Medium,Heavy,Flexible,High,1.7,9.93,Clear,Sports Event,13.8
1842,2025-03-05 19:48:00,High,Moderate,Flexible,Medium,13.9,14.16,Clear,Sports Event,23.69
1843,2025-03-07 18:43:00,High,Light,Standard,High,11.9,14.03,Snowy,Holiday,25.61
1844,2025-03-02 06:28:00,High,Heavy,Standard,High,10.2,9.57,Snowy,None,16.12
1845,2025-03-05 00:26:00,Medium,Heavy,Standard,Medium,9.0,12.98,Clear,Concert,22.27
1846,2025-03-05 00:04:00,Low,Heavy,Standard,Medium,7.6,5.04,Clear,Holiday,7.86
1847,2025-03-03 18:12:00,Low,Heavy,Flexible,High,14.7,11.58,Clear,Holiday,14.63
1848,2025-03-10 23:04:00,Medium,Heavy,Flexible,Medium,10.1,12.56,Snowy,None,17.91
1849,2025-03-06 10:24:00,Low,Light,Flexible,Low,14.5,8.32,Clear,Concert,12.65
1850,2025-03-03 18:01:00,Low,Heavy,Standard,Low,12.4,9.47,Snowy,None,17.73
1851,2025-03-02 19:35:00,Low,Moderate,Flexible,Low,10.3,6.92,Stormy,Holiday,13.89
1852,2025-03-07 16:22:00,Medium,Heavy,Flexible,High,13.6,11.27,Rainy,Concert,18.8
1853,2025-03-05 04:20:00,Medium,Heavy,Urgent,Low,1.5,9.26,Clear,Holiday,28.92
1854,2025-03-09 00:46:00,High,Light,Urgent,High,3.2,13.97,Snowy,None,27.46
1855,2025-03-05 17:39:00,Medium,Heavy,Standard,High,8.1,14.61,Snowy,Sports Event,27.08
1856,2025-03-07 10:19:00,Medium,Heavy,Standard,Medium,1.6,5.96,Rainy,Holiday,12.27
1857,2025-03-05 11:53:00,Low,Light,Flexible,Medium,10.2,14.96,Rainy,Holiday,21.0
1858,2025-03-06 21:57:00,Medium,Light,Urgent,Low,9.9,9.36,Clear,Sports Event,24.36
1859,2025-03-05 06:19:00,Medium,Heavy,Standard,Medium,1.9,19.9,Stormy,None,31.52
1860,2025-03-06 23:18:00,Medium,Moderate,Standard,Medium,8.2,7.79,Snowy,Concert,14.7
1861,2025-03-02 16:25:00,Low,Light,Flexible,High,3.1,10.18,Clear,Sports Event,10.72
1862,2025-03-03 04:41:00,High,Moderate,Standard,High,14.7,10.68,Stormy,Concert,21.44
1863,2025-03-06 12:53:00,Low,Light,Urgent,Medium,12.9,16.36,Snowy,Holiday,35.73
1864,2025-03-06 13:32:00,High,Heavy,Urgent,Low,12.7,15.62,Rainy,Sports Event,69.18
1865,2025-03-05 23:48:00,Low,Heavy,Flexible,High,7.9,11.95,Stormy,Holiday,18.12
1866,2025-03-03 05:39:00,High,Light,Urgent,High,3.4,14.21,Rainy,None,27.93
1867,2025-03-07 03:56:00,Medium,Light,Standard,Low,4.2,12.39,Snowy,None,21.26
1868,2025-03-06 03:28:00,High,Moderate,Urgent,Medium,2.6,18.35,Stormy,Sports Event,57.31
1869,2025-03-04 13:17:00,Medium,Light,Flexible,Low,1.3,16.65,Stormy,Concert,33.43
1870,2025-03-07 13:48:00,High,Light,Urgent,Medium,11.7,8.1,Snowy,None,17.69
1871,2025-03-03 19:34:00,Low,Light,Standard,Medium,9.3,6.22,Stormy,Sports Event,9.7
1872,2025-03-06 18:30:00,Low,Moderate,Urgent,Low,9.8,6.99,Clear,Holiday,18.19
1873,2025-03-02 20:00:00,Medium,Moderate,Flexible,Low,7.4,6.96,Snowy,None,11.82
1874,2025-03-03 06:24:00,Medium,Heavy,Urgent,Low,11.3,9.26,Clear,Concert,28.92
1875,2025-03-10 05:22:00,Medium,Heavy,Standard,High,5.0,7.27,Rainy,Concert,13.47
1876,2025-03-06 09:40:00,High,Heavy,Urgent,Low,14.3,17.99,Stormy,Holiday,79.68
1877,2025-03-09 17:09:00,Medium,Moderate,Standard,High,13.2,15.06,Rainy,Holiday,25.58
1878,2025-03-04 04:38:00,High,Moderate,Flexible,Medium,14.0,19.28,Stormy,Sports Event,38.71
1879,2025-03-09 05:09:00,Medium,Heavy,Flexible,Medium,11.1,5.1,Stormy,Concert,9.45
1880,2025-03-06 23:14:00,Medium,Heavy,Flexible,High,2.5,17.57,Clear,Concert,24.42
1881,2025-03-04 14:42:00,Medium,Light,Flexible,Medium,12.8,11.09,Stormy,Concert,17.13
1882,2025-03-04 09:53:00,Low,Light,Urgent,Medium,7.7,18.81,Rainy,Sports Event,41.08
1883,2025-03-05 18:21:00,Low,Heavy,Flexible,Medium,10.2,13.16,Snowy,None,17.06
1884,2025-03-09 00:43:00,Low,Heavy,Flexible,High,12.6,11.85,Rainy,None,13.82
1885,2025-03-05 10:31:00,High,Light,Flexible,High,14.6,15.95,Clear,Sports Event,21.83
1886,2025-03-06 02:46:00,High,Moderate,Flexible,High,2.7,19.63,Stormy,None,27.28
1887,2025-03-07 08:49:00,High,Light,Urgent,High,2.4,19.03,Rainy,Sports Event,48.63
1888,2025-03-03 18:11:00,High,Heavy,Standard,High,7.3,16.92,Rainy,Concert,37.06
1889,2025-03-03 15:28:00,High,Heavy,Standard,Low,11.2,19.83,Clear,Holiday,52.28
1890,2025-03-03 15:05:00,High,Light,Urgent,High,12.6,9.86,Snowy,None,19.38
1891,2025-03-02 00:24:00,Medium,Moderate,Standard,Medium,3.8,8.71,Clear,Concert,13.7
1892,2025-03-08 23:56:00,High,Moderate,Urgent,Low,13.6,9.37,Snowy,None,29.26
1893,2025-03-08 05:38:00,High,Moderate,Flexible,Medium,13.8,18.12,Clear,Sports Event,30.32
1894,2025-03-05 04:55:00,Low,Moderate,Standard,Low,14.7,18.85,Rainy,None,32.35
1895,2025-03-07 02:15:00,High,Moderate,Urgent,High,14.2,11.67,Rainy,Holiday,32.8
1896,2025-03-07 01:01:00,High,Heavy,Urgent,High,5.8,17.23,Stormy,Holiday,52.83
1897,2025-03-01 16:46:00,Medium,Moderate,Flexible,Low,7.8,17.97,Snowy,Sports Event,39.69
1898,2025-03-07 00:56:00,Medium,Light,Flexible,High,9.6,5.21,Rainy,Holiday,7.24
1899,2025-03-08 05:03:00,Low,Light,Urgent,High,4.5,16.63,Rainy,Holiday,32.69
1900,2025-03-01 07:58:00,High,Light,Standard,High,6.6,8.65,Snowy,None,12.14
1901,2025-03-07 00:05:00,Medium,Moderate,Standard,Low,12.6,7.08,Stormy,None,13.36
1902,2025-03-04 02:36:00,Low,Heavy,Urgent,Low,12.2,6.03,Stormy,Concert,20.54
1903,2025-03-04 18:05:00,High,Light,Standard,High,3.9,5.04,Rainy,Sports Event,9.2
1904,2025-03-09 23:23:00,Medium,Light,Standard,Medium,3.1,19.15,Clear,Holiday,27.38
1905,2025-03-11 00:44:00,Low,Moderate,Urgent,Medium,13.5,15.48,Stormy,Sports Event,37.19
1906,2025-03-10 02:43:00,Medium,Moderate,Urgent,Medium,2.9,8.75,Snowy,Sports Event,23.12
1907,2025-03-06 22:50:00,Low,Heavy,Urgent,High,11.6,19.51,Clear,Concert,38.35
1908,2025-03-03 01:08:00,High,Moderate,Flexible,Medium,10.2,11.21,Snowy,None,17.31
1909,2025-03-09 05:30:00,High,Moderate,Flexible,Medium,13.4,6.41,Stormy,None,9.9
1910,2025-03-07 17:52:00,High,Moderate,Standard,Low,14.1,14.42,Stormy,Concert,41.82
1911,2025-03-02 23:14:00,Low,Light,Urgent,Medium,5.4,6.72,Snowy,Holiday,14.68
1912,2025-03-10 06:51:00,Low,Light,Flexible,Medium,8.7,13.78,Snowy,None,14.88
1913,2025-03-08 08:40:00,High,Heavy,Flexible,High,6.9,5.57,Stormy,Sports Event,10.98
1914,2025-03-07 03:04:00,Low,Heavy,Urgent,Low,2.2,8.12,Clear,Concert,23.05
1915,2025-03-07 21:56:00,High,Heavy,Flexible,High,9.9,19.51,Rainy,None,29.58
1916,2025-03-09 07:39:00,Low,Moderate,Standard,Low,2.0,7.82,Stormy,None,13.42
1917,2025-03-02 07:29:00,High,Light,Flexible,High,12.9,9.58,Stormy,Holiday,15.74
1918,2025-03-06 17:13:00,High,Light,Urgent,Medium,6.5,8.47,Rainy,Sports Event,24.05
1919,2025-03-06 18:05:00,Medium,Light,Standard,High,1.6,8.28,Stormy,Sports Event,12.79
1920,2025-03-04 18:17:00,High,Light,Urgent,Medium,9.8,8.46,Stormy,Concert,24.02
1921,2025-03-09 22:35:00,Medium,Light,Urgent,Low,14.1,8.89,Stormy,Holiday,27.76
1922,2025-03-09 09:02:00,High,Light,Standard,Medium,9.2,13.27,Snowy,Sports Event,26.91
1923,2025-03-02 01:27:00,Medium,Light,Urgent,Low,11.6,5.01,Stormy,Holiday,15.65
1924,2025-03-05 08:27:00,Low,Heavy,Standard,High,4.1,13.32,Clear,Concert,18.7
1925,2025-03-09 17:36:00,Low,Moderate,Flexible,High,6.1,12.36,Snowy,Sports Event,17.18
1926,2025-03-07 15:34:00,Low,Heavy,Standard,High,13.2,12.31,Clear,Holiday,17.28
1927,2025-03-09 17:09:00,Low,Moderate,Flexible,Low,11.0,10.9,Snowy,Sports Event,21.88
1928,2025-03-09 06:27:00,Medium,Light,Standard,Low,8.7,8.88,Stormy,Sports Event,19.81
1929,2025-03-06 01:53:00,High,Light,Urgent,Medium,11.8,7.18,Stormy,Holiday,20.39
1930,2025-03-08 02:43:00,Low,Light,Standard,Low,13.9,8.06,Rainy,None,12.57
1931,2025-03-10 19:27:00,Low,Moderate,Standard,High,4.1,19.93,Rainy,Sports Event,30.78
1932,2025-03-08 21:11:00,High,Heavy,Urgent,Medium,13.9,15.23,Stormy,None,39.91
1933,2025-03-05 19:27:00,High,Moderate,Standard,High,6.4,6.17,Rainy,Sports Event,12.39
1934,2025-03-11 03:15:00,Medium,Light,Urgent,High,4.1,14.05,Snowy,Concert,30.38
1935,2025-03-10 09:07:00,Medium,Heavy,Flexible,High,4.7,18.06,Snowy,Concert,30.12
1936,2025-03-07 11:03:00,High,Moderate,Flexible,Low,10.0,15.66,Clear,Concert,34.06
1937,2025-03-08 23:53:00,Low,Heavy,Flexible,Medium,10.7,19.63,Snowy,None,25.44
1938,2025-03-01 08:18:00,High,Light,Flexible,Low,2.1,13.78,Stormy,Concert,32.7
1939,2025-03-05 16:07:00,High,Moderate,Standard,High,9.5,9.67,Rainy,Sports Event,19.41
1940,2025-03-08 07:17:00,High,Moderate,Flexible,Medium,13.5,8.46,Clear,Holiday,14.15
1941,2025-03-07 17:58:00,High,Light,Flexible,High,13.8,15.4,Stormy,None,19.46
1942,2025-03-07 05:54:00,High,Moderate,Standard,Medium,10.1,5.8,Stormy,Concert,12.94
1943,2025-03-08 22:10:00,High,Light,Standard,High,2.5,16.95,Snowy,Sports Event,30.94
1944,2025-03-04 07:52:00,High,Heavy,Standard,Low,13.8,6.38,Stormy,None,15.53
1945,2025-03-10 00:30:00,High,Moderate,Flexible,Low,9.9,18.39,Rainy,Concert,48.0
1946,2025-03-01 23:19:00,High,Light,Urgent,Low,3.6,13.29,Stormy,None,37.73
1947,2025-03-10 19:50:00,Low,Moderate,Flexible,Low,13.9,12.44,Snowy,Concert,24.98
1948,2025-03-03 06:43:00,High,Moderate,Standard,Low,13.9,17.98,Rainy,Sports Event,52.14
1949,2025-03-05 04:03:00,High,Light,Urgent,Low,8.8,11.01,Clear,None,26.05
1950,2025-03-09 05:48:00,High,Moderate,Flexible,Medium,2.0,6.34,Stormy,None,9.79
1951,2025-03-04 20:01:00,High,Heavy,Flexible,Medium,2.8,17.85,Snowy,None,30.07
1952,2025-03-05 16:30:00,Low,Light,Flexible,High,3.9,10.42,Snowy,Concert,13.17
1953,2025-03-03 09:04:00,Low,Heavy,Standard,Low,2.6,17.1,Stormy,None,32.01
1954,2025-03-04 11:27:00,Medium,Heavy,Flexible,High,13.9,16.0,Snowy,Sports Event,26.69
1955,2025-03-02 13:40:00,Medium,Light,Flexible,High,7.2,12.88,Stormy,None,13.77
1956,2025-03-04 05:49:00,High,Heavy,Urgent,Low,2.1,6.19,Rainy,None,21.09
1957,2025-03-07 16:39:00,High,Light,Standard,Low,11.0,14.76,Clear,Sports Event,32.43
1958,2025-03-01 20:58:00,Medium,Light,Standard,Medium,2.2,5.57,Snowy,Concert,9.56
1959,2025-03-09 22:34:00,Low,Moderate,Urgent,Low,14.3,16.19,Snowy,Holiday,50.56
1960,2025-03-11 04:01:00,Medium,Moderate,Urgent,Medium,1.8,11.06,Rainy,Holiday,29.23
1961,2025-03-09 14:56:00,Low,Moderate,Urgent,High,6.7,7.39,Snowy,None,12.29
1962,2025-03-11 00:59:00,Medium,Moderate,Urgent,Low,10.4,12.16,Clear,None,26.78
1963,2025-03-04 02:36:00,Low,Heavy,Standard,Medium,8.5,19.84,Stormy,None,28.57
1964,2025-03-05 10:31:00,Low,Light,Standard,Low,9.9,19.31,Rainy,None,30.12
1965,2025-03-04 12:51:00,Low,Light,Standard,High,2.1,16.48,Stormy,None,17.8
1966,2025-03-03 09:12:00,High,Moderate,Standard,Low,6.3,7.36,Clear,None,13.68
1967,2025-03-03 01:58:00,Low,Light,Flexible,High,7.7,15.55,Rainy,None,15.11
1968,2025-03-09 20:53:00,Low,Moderate,Flexible,Medium,14.6,18.9,Stormy,Concert,29.19
1969,2025-03-02 22:15:00,Medium,Moderate,Flexible,Low,14.3,18.41,Stormy,Sports Event,40.66
1970,2025-03-03 23:20:00,Medium,Moderate,Standard,Medium,8.5,6.48,Stormy,Holiday,12.23
1971,2025-03-10 07:10:00,Low,Heavy,Urgent,High,5.1,19.58,Snowy,None,35.53
1972,2025-03-06 02:00:00,Low,Moderate,Flexible,Medium,5.8,5.59,Snowy,Concert,8.63
1973,2025-03-10 02:12:00,Medium,Heavy,Flexible,Low,7.2,15.39,Clear,Holiday,30.9
1974,2025-03-10 13:04:00,High,Moderate,Standard,Low,13.8,5.7,Stormy,None,12.72
1975,2025-03-10 12:01:00,Medium,Light,Flexible,Medium,3.8,14.18,Stormy,Concert,21.9
1976,2025-03-01 21:06:00,Medium,Heavy,Flexible,Low,5.8,7.02,Rainy,Holiday,16.91
1977,2025-03-02 17:25:00,High,Moderate,Standard,Low,13.4,12.52,Rainy,Concert,36.31
1978,2025-03-05 07:33:00,High,Heavy,Flexible,Low,3.9,11.97,Snowy,Concert,34.08
1979,2025-03-09 10:24:00,Medium,Light,Standard,High,14.2,10.52,Snowy,None,12.5
1980,2025-03-11 03:15:00,Low,Moderate,Standard,High,5.7,14.45,Snowy,Sports Event,22.32
1981,2025-03-01 07:32:00,Medium,Moderate,Urgent,High,14.1,9.73,Clear,Sports Event,19.28
1982,2025-03-04 10:45:00,Low,Moderate,Urgent,High,11.7,19.67,Snowy,Holiday,42.53
1983,2025-03-02 01:42:00,Low,Light,Flexible,Low,11.9,6.47,Rainy,Concert,11.81
1984,2025-03-01 11:20:00,Medium,Heavy,Standard,Low,5.5,17.21,Rainy,Holiday,46.07
1985,2025-03-08 09:26:00,Low,Heavy,Urgent,Medium,14.8,12.82,Stormy,None,25.85
1986,2025-03-02 00:40:00,High,Moderate,Flexible,Medium,1.5,12.05,Rainy,Holiday,24.19
1987,2025-03-04 02:48:00,High,Moderate,Flexible,High,6.5,9.74,Rainy,Holiday,17.6
1988,2025-03-01 10:21:00,Low,Moderate,Urgent,Low,5.6,7.25,Snowy,None,17.42
1989,2025-03-05 22:22:00,Medium,Light,Urgent,Medium,11.6,14.15,Clear,None,21.79
1990,2025-03-07 04:30:00,Low,Light,Standard,High,5.4,10.41,Rainy,Concert,14.62
1991,2025-03-03 03:13:00,Medium,Heavy,Urgent,High,9.0,6.97,Snowy,None,13.91
1992,2025-03-02 18:19:00,High,Moderate,Flexible,Low,3.9,5.21,Rainy,None,10.46
1993,2025-03-09 13:18:00,Medium,Heavy,Flexible,High,10.3,12.91,Rainy,Sports Event,21.53
1994,2025-03-04 08:11:00,Medium,Moderate,Urgent,Low,2.3,10.74,Stormy,Holiday,36.9
1995,2025-03-06 05:37:00,Medium,Heavy,Flexible,Medium,14.4,5.81,Clear,Sports Event,8.97
1996,2025-03-06 14:33:00,Low,Moderate,Urgent,Medium,6.1,12.36,Clear,Sports Event,24.74
1997,2025-03-10 07:21:00,High,Heavy,Urgent,Medium,9.4,6.95,Clear,Concert,19.73
1998,2025-03-05 16:11:00,Medium,Heavy,Urgent,Low,12.9,7.98,Rainy,Holiday,29.91
1999,2025-03-06 12:41:00,Low,Light,Urgent,High,13.1,12.72,Rainy,Holiday,25.0
